method,seed,correlation,clients,rmse_c,mae_c,worst_client_rmse_c,p90_client_rmse_c,client_rmse_sd_c,effective_bits,compressed_bits,raw_selected_bits,mean_selected_hops,mean_selected_etx,energy_j,min_residual_energy_j,max_relay_energy_j,participation_jain,utility_target_js,temperature_coverage_js
random,53,0.0,48,1.7436172378524801,0.8258131575165695,8.620575616316595,1.9750094281919623,1.4197849456575897,2476752.9444772545,504000.0,964800.0,1.5766666666666667,4.914192350153283,6.896531772297627,8.44117304855789,0.25427395404253095,0.8680555555555556,0.05980188771242636,0.00014824898260176522
random,59,0.0,48,1.741026194063941,0.7996661570895354,8.640155233252772,1.966820807311201,1.4304112560641546,2637416.260229003,504000.0,964800.0,1.6666666666666667,5.2329687702956384,7.266057398526644,8.299537879238294,0.26701413954444636,0.8664510166358595,0.06209566305043241,0.00018031213490442977
random,61,0.0,48,1.7347019883150983,0.7910474898464336,8.63565200971383,1.9723018955813434,1.4310478194744773,2591789.1186996903,504000.0,964800.0,1.6133333333333333,5.142438727578751,7.161114973009234,8.394275826857656,0.2762130646452728,0.9014423076923077,0.05749549661940126,7.140308415519599e-05
random,67,0.0,48,1.7381790692423684,0.8007597744620983,8.631554107636315,1.9706299910065426,1.4283586382155955,2510545.37589025,504000.0,964800.0,1.6133333333333333,4.981240825179065,6.974254364547517,8.418154436657382,0.28410463147854553,0.8737185461323392,0.06318870502940538,5.441193354059463e-05
random,71,0.0,48,1.7302220096771834,0.775088622868251,8.633353298182318,1.969354182499103,1.4359895021200715,2579922.7013817956,504000.0,964800.0,1.6466666666666667,5.118894248773406,7.133822213178076,8.205458572912047,0.2639382269688332,0.9245562130177515,0.03983912507669645,3.629636619150677e-05
random,73,0.0,48,1.748558923559709,0.827651788081697,8.629665605096912,1.9719427630265933,1.4222303867988084,2494158.940727988,504000.0,964800.0,1.6333333333333333,4.948728056999973,6.936565563674316,8.32243622707241,0.25587905605932515,0.8844339622641509,0.07875753921740883,9.962371077600059e-05
random,79,0.0,48,1.7431107985534058,0.8107698796856193,8.624987361359272,1.9688657144824582,1.4273354971101266,2513254.332650452,504000.0,964800.0,1.59,4.986615739385819,6.980484965095982,8.384687194479977,0.22370281354250754,0.8794559099437148,0.05507113403290484,0.0002086467714075623
random,83,0.0,48,1.737789876528304,0.803203379319403,8.629454249985882,1.9725839121200162,1.4268971465151787,2565084.8511430244,504000.0,964800.0,1.58,5.089454069728233,7.0996951576289,8.228474089130717,0.2693162178307819,0.9245562130177515,0.046103373315774146,0.00013338022873612423
random,89,0.0,48,1.7420671732723902,0.8109955600940141,8.634479012928576,1.9706032931713178,1.42575061923952,2446831.617980197,504000.0,964800.0,1.61,4.854824638849597,6.8277127213544,8.488587253538372,0.3276919329490396,0.9119649805447471,0.057986711875726765,0.00010441660965892705
random,97,0.0,48,1.7363441133924824,0.7897566835138781,8.629313967183286,1.969607106288846,1.4333449841062926,2643769.6926585236,504000.0,964800.0,1.6633333333333333,5.245574787020884,7.280670293114544,8.284194177525096,0.270075645807053,0.8971291866028708,0.05752465823692392,6.98401903658547e-05
resource,53,0.0,48,1.7425448194391207,0.8222430354734954,8.613838242042283,1.9741469231955364,1.4209355837004374,2268010.125355899,504000.0,964800.0,1.5,4.500020089991864,6.416423288318521,8.456159147670517,0.15081063959921365,0.718941717791411,0.09696817234911417,0.0008268043882943088
resource,59,0.0,48,1.7467477225334123,0.827124903558063,8.615913954363565,1.972078673883911,1.4213684137473679,2264879.9416913954,504000.0,964800.0,1.49,4.493809408117853,6.409223865890162,8.392725609494157,0.13372477048918213,0.6970260223048327,0.10229712215275985,0.0011249947116376462
resource,61,0.0,48,1.747661623709558,0.8291846597774775,8.613568993985693,1.97238724698995,1.4210553725795383,2256579.3313659765,504000.0,964800.0,1.4833333333333334,4.477339943186464,6.3901324621416995,8.446797904268095,0.13372477048918213,0.7070135746606335,0.10198828629014797,0.0008259649640627298
resource,67,0.0,48,1.7416568309378815,0.8118755517465716,8.614560037563681,1.9710568779959918,1.4259199936686746,2253946.415473556,504000.0,964800.0,1.4833333333333334,4.472115903717377,6.384076755589129,8.376390224732258,0.13478424976957631,0.717291507268554,0.09525333567756028,0.0008317393086435944
resource,71,0.0,48,1.7475487955362239,0.8324998680923933,8.61692332344874,1.9728076128028076,1.4190274275135977,2197225.1975139612,504000.0,964800.0,1.46,4.359573804591194,6.253617954282063,8.330940871812402,0.15081063959921365,0.6858083394294074,0.10391527421806777,0.0011086446319258315
resource,73,0.0,48,1.740915230446288,0.8161377477905657,8.608320740941434,1.9733436852404307,1.4229905301689507,2247701.9061311544,504000.0,964800.0,1.4866666666666666,4.459726004228486,6.36971438410161,8.453511309908594,0.13372477048918213,0.7096896290688872,0.10985873240660549,0.0009100748697252978
resource,79,0.0,48,1.7452863843292106,0.8323958548195827,8.606643376382207,1.975237874505152,1.417426551345379,2226831.513943433,504000.0,964800.0,1.4666666666666666,4.418316495919512,6.321712482069852,8.402296699626236,0.13372477048918213,0.6985842026825634,0.1034714337776563,0.001217617154060652
resource,83,0.0,48,1.7516207970593656,0.8455779701685794,8.608368279971728,1.9752571438881859,1.4149688951837909,2216331.669309244,504000.0,964800.0,1.4566666666666668,4.39748347085168,6.297562839411212,8.428736414561692,0.12245229795405724,0.6833090379008746,0.1256835745040728,0.001090208560093247
resource,89,0.0,48,1.7472543815739783,0.8323600434092323,8.608962265277547,1.973664335411183,1.4190586620524033,2225877.43439592,504000.0,964800.0,1.4833333333333334,4.41642348094429,6.319518099110572,8.4704373337472,0.14350860332806567,0.7341425215348473,0.08790875090919682,0.0008473619754803411
resource,97,0.0,48,1.7497215008666238,0.8361150190715084,8.610221421248198,1.9739907803199068,1.4192008900713724,2249329.501076209,504000.0,964800.0,1.49,4.462955359278196,6.373457852475237,8.375648089419952,0.13828195178228675,0.7064807837226827,0.10540461749619545,0.000853445710045885
utility,53,0.0,48,1.7298586160266762,0.782899087783535,8.62193733412353,1.976122004429891,1.4331635488356542,2677219.949452858,504000.0,964800.0,1.6266666666666667,5.311944344152502,7.357605883741526,8.491108924499693,0.29904537772663425,0.4898119122257053,0.05553236127458765,0.005626718140552548
utility,59,0.0,48,1.7322875142041965,0.7866038226310593,8.623532379653634,1.9742390619448984,1.4333566451819373,2665274.125235561,504000.0,964800.0,1.6033333333333333,5.2882423119753215,7.33013048804174,8.340401634277717,0.2894041916596574,0.4997334754797441,0.051825971190533705,0.005347578486525938
utility,61,0.0,48,1.7285458822670183,0.7782285636059701,8.623848892336136,1.97577657751088,1.4345129446760798,2659320.1246109,504000.0,964800.0,1.6133333333333333,5.276428818672419,7.316436286605014,8.233355172397355,0.3099585148857615,0.471579476861167,0.06254504121781206,0.005811414518440191
utility,67,0.0,48,1.7300687046663537,0.7784114578729361,8.628800480316986,1.9747965187028853,1.4354433436304528,2717017.021108204,504000.0,964800.0,1.6333333333333333,5.390906787913104,7.449139148548814,8.4288159446133,0.30824571777445453,0.513136288998358,0.05151691035109948,0.0049735465491162895
utility,71,0.0,48,1.7354154796454697,0.8029887627813342,8.622778531390077,1.9775653265712492,1.4268961139738854,2674747.5045631984,504000.0,964800.0,1.6,5.3070386995301595,7.351919260495308,8.326952179801996,0.3002571621623683,0.5199667221297837,0.054413328607230256,0.005169685800858335
utility,73,0.0,48,1.7283934775629124,0.7776126308912976,8.623241433445758,1.975130947707051,1.4346279676572153,2697552.478564622,504000.0,964800.0,1.6333333333333333,5.352286663818695,7.40437070069858,8.323397551470492,0.32792510254635965,0.49290220820189273,0.05029692487720827,0.0049224577070583675
utility,79,0.0,48,1.7331246383194476,0.7943353136858813,8.622807292291464,1.9779034413363528,1.4298925627635375,2615138.761545188,504000.0,964800.0,1.58,5.188767384018235,7.214819151553884,8.478923324832808,0.2987621084085568,0.48524844720496896,0.05526588925158308,0.00577687077560768
utility,83,0.0,48,1.7321250598893356,0.7915528392940737,8.623986947719539,1.975421485432988,1.4303382349558234,2627521.972553081,504000.0,964800.0,1.5833333333333333,5.2133372471291315,7.243300536872036,8.193501504724356,0.3102417842038389,0.5075798592311858,0.05073272890567437,0.005485188364724244
utility,89,0.0,48,1.7285777999413658,0.7707003314230043,8.62798563284995,1.9740684501164467,1.4383653579722686,2689765.2718084166,504000.0,964800.0,1.6233333333333333,5.336835856762732,7.386460125159305,8.422145150016947,0.3082457177744545,0.49603174603174605,0.054066059437114844,0.005730922895361434
utility,97,0.0,48,1.7315989103594278,0.7875184774240981,8.628829384948588,1.9759306576876745,1.4319346606484595,2668979.261887666,504000.0,964800.0,1.6133333333333333,5.2955937735866385,7.338652302341578,8.21348666644182,0.33061409797733393,0.49006795608991116,0.053910614911525545,0.005449956789650257
random_adaptive,53,0.0,48,1.7514131088124019,0.8144867349864955,8.63797545860694,1.9650346462712318,1.4311410253706647,923577.4584582386,192816.0,964800.0,1.5366666666666666,4.9133740502820435,3.324228154453951,8.48954396804992,0.08717964138601059,0.8680555555555556,0.041299420854571375,0.00014824898260176522
random_adaptive,59,0.0,48,1.7567310977618182,0.8350919724809406,8.648866663982599,1.9670245533239343,1.422601696264278,994482.3609825071,197808.0,964800.0,1.6466666666666667,5.232559620360018,3.487309430259765,8.431392345414679,0.0989053435288303,0.8664510166358595,0.04772135715478684,0.00018031213490442977
random_adaptive,61,0.0,48,1.7383935441592748,0.7843301704252147,8.651588478991124,1.967630406520802,1.436666087876756,967046.1221189854,195408.0,964800.0,1.5933333333333333,5.1420295776431315,3.424206080873665,8.488558251651964,0.09751296284579421,0.9014423076923077,0.04360269513289698,7.140308415519599e-05
random_adaptive,67,0.0,48,1.7474430271169616,0.8043285288015926,8.642087083777904,1.9657459316968826,1.4326297016324006,944368.4156718643,194928.0,964800.0,1.6133333333333333,4.981240825179065,3.37204735604529,8.468366882549446,0.09740730222121557,0.8737185461323392,0.05213384616766091,5.441193354059463e-05
random_adaptive,71,0.0,48,1.7482499171013175,0.8109151622828878,8.631406165391061,1.9667071182100975,1.4321489875423106,983520.6581488556,198720.0,964800.0,1.64,5.118757865461533,3.462097513742371,8.456720584147341,0.09306505888326978,0.9245562130177515,0.02625856787398541,3.629636619150677e-05
random_adaptive,73,0.0,48,1.7481766853624712,0.8226841052984865,8.623942439948916,1.971522846221846,1.4252205103983462,960303.5494992838,203520.0,964800.0,1.6266666666666667,4.9485916736880995,3.408698163848356,8.483823166502717,0.08772996207748293,0.8844339622641509,0.06424327604995203,9.962371077600059e-05
random_adaptive,79,0.0,48,1.7634779527262165,0.8503588360439648,8.636828252340424,1.9673005776139592,1.4207633189984752,930234.0570296248,193968.0,964800.0,1.5633333333333332,4.986070206138325,3.3395383311681393,8.478095461026726,0.0833600766750977,0.8794559099437148,0.04926216490777714,0.0002086467714075623
random_adaptive,83,0.0,48,1.7531273979157682,0.8377673374672894,8.631499555761673,1.9702147281663303,1.4185537397296253,977439.8675423263,199728.0,964800.0,1.5666666666666667,5.0891813031044855,3.448111695347352,8.431908280264203,0.10236760369698054,0.9245562130177515,0.03624363888310644,0.00013338022873612423
random_adaptive,89,0.0,48,1.7596028164121627,0.8287329197837213,8.666920299131784,1.9632489427055484,1.4280900758697768,897366.4862535711,192240.0,964800.0,1.6033333333333333,4.854688255537724,3.263942918383213,8.520738761074343,0.11235151986824207,0.9119649805447471,0.04196216743580254,0.00010441660965892705
random_adaptive,97,0.0,48,1.7506904920119677,0.7980250968632739,8.631893204777164,2.148134189163922,1.4414747740031473,997155.4644882795,198288.0,964800.0,1.6633333333333333,5.245574787020884,3.493457568323043,8.433034785582917,0.09516931677065942,0.8971291866028708,0.03942337282705953,6.98401903658547e-05
resource_adaptive,53,0.0,48,1.7299860834375906,0.7525947731863192,8.640082640740824,1.9701621335992685,1.446677102353011,903684.0525331522,179616.0,964800.0,1.6566666666666667,4.981014800967461,3.278473320826251,8.48954396804992,0.08982505900875312,0.8370535714285714,0.07496548752338753,0.00026364017732376807
resource_adaptive,59,0.0,48,1.733193167857685,0.7759354010347754,8.634643687520283,1.9689302897439582,1.4383950012312576,911708.4523023049,184032.0,964800.0,1.66,4.971730436146042,3.2969294402953024,8.458372758971903,0.08459640548309377,0.8173496076721883,0.07809309815667614,0.0003157212179608931
resource_adaptive,61,0.0,48,1.7250057857861225,0.7511744352294067,8.6225837474279,1.9722333611580845,1.4433170879300918,907018.3039859565,181968.0,964800.0,1.65,4.941242553670378,3.286142099167701,8.513177983750781,0.09507580370362673,0.8166376306620209,0.07402587116130238,0.00043203120325266246
resource_adaptive,67,0.0,48,1.7208229129188568,0.7474172693625342,8.612856093506844,1.9760629470302056,1.4413685167467891,914686.3275285254,181968.0,964800.0,1.6666666666666667,4.994527328460839,3.3037785533156097,8.44939981034403,0.09546343295220862,0.8318544809228039,0.07720940972322887,0.00030580612502332074
resource_adaptive,71,0.0,48,1.7329348060368484,0.7806556152364966,8.615674674912983,1.9720269248007953,1.4359305675173948,898710.5169344995,182928.0,964800.0,1.6266666666666667,4.871030636615066,3.26703418894935,8.494073603099425,0.08890311771813333,0.8318544809228039,0.08086051172691083,0.00038689341205845227
resource_adaptive,73,0.0,48,1.7374987060486053,0.7917245404912939,8.628836756342356,1.972468228057945,1.4338033975004116,962654.1426508902,196704.0,964800.0,1.6666666666666667,4.994234803697118,3.4141045280970483,8.496427043706895,0.09225480712694753,0.8238137082601055,0.09000505710056948,0.0003492172682852831
resource_adaptive,79,0.0,48,1.7229509991014393,0.7435674162046959,8.6371936504394,1.973899486887381,1.4449487992113896,911601.7344963992,181056.0,964800.0,1.6633333333333333,5.018300764203897,3.2966839893417195,8.460357752071598,0.10256017470991816,0.8209281961471103,0.08121432404227627,0.0005456311623599793
resource_adaptive,83,0.0,48,1.7190659479511308,0.7434477240209719,8.61121003384606,1.9742295157703325,1.4420161195449348,894578.2428064665,178656.0,964800.0,1.6533333333333333,4.966583153604314,3.2575299584548745,8.486277044980516,0.0969196862848663,0.8296460176991151,0.08289681591473763,0.0004276884479376639
resource_adaptive,89,0.0,48,1.730586182885102,0.7665544179316072,8.621764545595013,1.9702225818975911,1.4409090899006598,909462.2331587638,183408.0,964800.0,1.6466666666666667,4.942979609243817,3.2917631362651574,8.50799068675658,0.0894901223898183,0.8267195767195767,0.07096571555723309,0.0002918794345206176
resource_adaptive,97,0.0,48,1.7168567631245608,0.7239092615590126,8.627389977177026,1.9690170183951519,1.4497149911631861,908065.894351128,179616.0,964800.0,1.6766666666666667,5.009463763537288,3.288551557007596,8.458524640727141,0.09285440626114623,0.8152173913043478,0.08249004154395903,0.0003844734003989235
utility_adaptive,53,0.0,48,1.7517344448028924,0.8227391105981878,8.638717961643865,1.9704808209537974,1.4289470664401787,1011177.887079251,208224.0,964800.0,1.5866666666666667,5.032560447485483,3.5257091402822747,8.50050322196064,0.11015881920754445,0.5191029900332226,0.036551063123318864,0.005287485004608813
utility_adaptive,59,0.0,48,1.73990965593524,0.7967520240290852,8.640939539558255,1.970678990027873,1.4332014942496492,1072665.6675626496,214128.0,964800.0,1.6266666666666667,5.279205576779993,3.667131035394092,8.474931832981133,0.11394902668805848,0.5182421227197347,0.04167753452927431,0.005747820464915563
utility_adaptive,61,0.0,48,1.7420095224785888,0.7991053326522014,8.638708913707038,1.9693701775998724,1.4324932147463783,1038518.5780886514,208944.0,964800.0,1.65,5.253083020225347,3.5885927296038957,8.485386179620335,0.12509687271073555,0.5037614185921547,0.049034795908110176,0.00720996991160138
utility_adaptive,67,0.0,48,1.7417541296612806,0.7925138861243858,8.654201660844878,1.9678570576055792,1.434552233872474,1052607.0132649392,212736.0,964800.0,1.5933333333333333,5.180977236565568,3.6209961305093605,8.462602490521935,0.110207379662072,0.5156765676567657,0.042192314568253314,0.006270645691944717
utility_adaptive,71,0.0,48,1.7483726210214277,0.8223447731083837,8.62793220631098,1.9730015356880473,1.4267648669011144,1011641.4158064709,212832.0,964800.0,1.5633333333333332,5.001335240114133,3.5267752563548798,8.465006808901375,0.10697884536937348,0.5086814975583288,0.048046060829739404,0.006132124776765764
utility_adaptive,73,0.0,48,1.739764473610949,0.7994592245940281,8.631707144760632,1.9728539940519711,1.4320306594656644,1085594.91345456,213504.0,964800.0,1.6866666666666668,5.35250818314735,3.6968683009454857,8.486175727552148,0.12152944164908651,0.5153930731170973,0.0491579350054304,0.006118577898057325
utility_adaptive,79,0.0,48,1.7510413547010624,0.8210532478850368,8.641188892421585,1.9698486557135437,1.4283102916541597,1024154.306248412,213936.0,964800.0,1.57,5.009220543260829,3.555554904371347,8.489617318613796,0.11292961157614918,0.49946723494938733,0.04545815331169612,0.0065162293697607065
utility_adaptive,83,0.0,48,1.74392617836473,0.8027040119836923,8.638243041883083,1.970914642302814,1.4332947690945934,1073325.4590714765,216144.0,964800.0,1.6,5.169931030768101,3.6686485558643955,8.44930282985484,0.115827209312027,0.5100652883569097,0.04598215067414538,0.006056447734624042
utility_adaptive,89,0.0,48,1.7351329564946594,0.7850300944391186,8.63726080479488,1.9734833444074573,1.4347841830968042,1022303.2568747574,207072.0,964800.0,1.5866666666666667,5.10812261762807,3.551297490811942,8.538944847778398,0.1125342102579022,0.5308607021517554,0.04195089218743122,0.005627701487747336
utility_adaptive,97,0.0,48,1.768458747726392,0.8607601155970993,8.650086992697833,1.969329595815615,1.4184712333025642,1056081.690021942,218064.0,964800.0,1.6166666666666667,5.099735270139918,3.628987887050463,8.396640088954683,0.1136776898146659,0.5409694171956145,0.03835308227481511,0.006092969326936322
proposed_fixed_comp,53,0.0,48,1.734559643174039,0.7977151039168949,8.61562714427327,1.976041304737278,1.4287697508831152,2393455.0045282524,504000.0,964800.0,1.45,4.74891865977828,6.704946510414936,8.430173646519789,0.1441369376132729,0.6115459882583171,0.032230604631491064,0.003884989216257424
proposed_fixed_comp,59,0.0,48,1.7388557092104546,0.8119675893581303,8.608220554302587,1.9752893043076405,1.424845480400926,2363987.4897576794,504000.0,964800.0,1.4233333333333333,4.690451368566826,6.637171226442612,8.367524851076997,0.13308216579510698,0.6095578673602081,0.037158024676716195,0.0033639052894766527
proposed_fixed_comp,61,0.0,48,1.7391944880719274,0.8086099199003545,8.609622803280132,1.9745517841811584,1.4270156823774685,2353272.3655205956,504000.0,964800.0,1.4233333333333333,4.669191201429758,6.612526440697323,8.375979820132802,0.12188575931790237,0.6060116354234001,0.03966785531846783,0.004089122539900645
proposed_fixed_comp,67,0.0,48,1.732017641830736,0.7934162019389636,8.611425093611013,1.9763423637837838,1.429089703859156,2337101.6620449987,504000.0,964800.0,1.42,4.637106472311508,6.575333822703449,8.387051732688176,0.13308216579510698,0.6403688524590164,0.033439828556307234,0.003015831126252449
proposed_fixed_comp,71,0.0,48,1.7367189258229887,0.8056467047389563,8.612567480391004,1.97539123448633,1.4261227828912666,2381331.749359807,504000.0,964800.0,1.4433333333333334,4.724864582063114,6.677063023527509,8.29890465595521,0.13308216579510698,0.6347325660121869,0.0321497525007207,0.003532034779602568
proposed_fixed_comp,73,0.0,48,1.7376793026206863,0.8050850435016703,8.616351253612024,1.9738348718910195,1.427234270866715,2414821.306693095,504000.0,964800.0,1.47,4.791312116454554,6.754089005394074,8.431853001543848,0.1551917094314388,0.6394952251023193,0.024506792359429933,0.0031037080007258527
proposed_fixed_comp,79,0.0,48,1.732213385334223,0.7942451040412272,8.611779357632244,1.9778378593795278,1.4287086601742276,2391509.5085544987,504000.0,964800.0,1.45,4.745058548719246,6.700471869675301,8.469344996681986,0.14180880587036912,0.6064036222509702,0.030310650487794764,0.003999712222452544
proposed_fixed_comp,83,0.0,48,1.7361245682046298,0.7999345232748961,8.614411595672847,1.9754906187256611,1.4289202099930547,2411522.817441296,504000.0,964800.0,1.4733333333333334,4.784767494923208,6.746502480114931,8.347663578951996,0.13995766909650276,0.616370808678501,0.029097407626561936,0.003744289747328698
proposed_fixed_comp,89,0.0,48,1.7309664141849588,0.7899524393905297,8.612732017389916,1.9760278019170625,1.4299090770749758,2365912.1399507932,504000.0,964800.0,1.4466666666666668,4.694270118949984,6.641597921886773,8.459072036778227,0.15879919521129982,0.6270903010033445,0.027612889635061616,0.0035952277912039195
proposed_fixed_comp,97,0.0,48,1.7447470722242233,0.8225628277411403,8.614962684740407,1.9736452130553257,1.4235649469947278,2382674.6988280397,504000.0,964800.0,1.45,4.727529164341352,6.680151807304448,8.323845905317395,0.13294053113606827,0.6258344459279038,0.031157324747104885,0.003572436124615871
fedcg_adapted,53,0.0,48,1.739893813476841,0.7949282950096668,8.62917563211795,1.9725467927908718,1.4341989422946029,983118.725866397,199440.0,964800.0,1.6866666666666668,5.046263570461455,3.461173069492714,8.48954396804992,0.10256017470991816,0.8267195767195767,0.0879812933430964,0.00031629273849777815
fedcg_adapted,59,0.0,48,1.7323226322503051,0.7701371809316443,8.643182561423517,1.970027941774287,1.440022216299131,1005737.2165087634,202752.0,964800.0,1.7066666666666668,5.130112680205878,3.513195597970157,8.460013951985308,0.10064591088416538,0.814509122502172,0.09277557826443836,0.00027765289523752634
fedcg_adapted,61,0.0,48,1.7295196916356155,0.7694388294013806,8.633836401594035,1.9721085479998908,1.4384951720708437,991189.5092656905,203856.0,964800.0,1.6766666666666667,4.999600066442252,3.479735871311089,8.506837908856347,0.10380263512142529,0.8109861591695502,0.0943227343850283,0.00033307860597688943
fedcg_adapted,67,0.0,48,1.7360005213803822,0.7830454602579959,8.62963715141561,1.9703100768062296,1.4372381452068124,987577.983864443,202080.0,964800.0,1.68,5.0424338501985835,3.47142936288822,8.442225357467647,0.10558981416682453,0.8340747330960854,0.08742571087642922,0.0002729729049901063
fedcg_adapted,71,0.0,48,1.7331341280098311,0.7844864600249368,8.621618286723645,1.973034310163176,1.4339539656796043,979211.9405312579,201168.0,964800.0,1.6766666666666667,5.0204978818533785,3.4521874632218945,8.483891218719245,0.09527902032648883,0.8303808680248007,0.0856543853419933,0.0003724245374764228
fedcg_adapted,73,0.0,48,1.7342497245960427,0.7872231499373094,8.628231968484888,1.9719915260444447,1.4332194647561007,999722.2523458784,204096.0,964800.0,1.69,5.086421309688157,3.4993611803955225,8.496427043706895,0.09798552794072822,0.8348174532502226,0.0927137145052304,0.00033924873899952184
fedcg_adapted,79,0.0,48,1.7337294503141842,0.78625585051584,8.625565268858827,1.9722695467777802,1.4331467763479209,1010924.8601288645,204000.0,964800.0,1.7033333333333334,5.1079374134639215,3.52512717829639,8.456691993572486,0.10256017470991817,0.8245382585751979,0.08524500259587794,0.00039362642182004016
fedcg_adapted,83,0.0,48,1.7327607238905445,0.7853042721551249,8.622765513835043,1.9731637720755502,1.4328827589964923,994776.3888341687,203040.0,964800.0,1.69,5.070949560784752,3.48798569431859,8.480636556555467,0.10334593098290287,0.8252640845070423,0.09799672450498202,0.00033799221337457827
fedcg_adapted,89,0.0,48,1.7280161751077456,0.7671864417263037,8.63059232276309,1.9730186213399845,1.438619431238007,986678.4075755494,202560.0,964800.0,1.68,5.0157662699883065,3.469360337423764,8.50799068675658,0.10324845005972588,0.8223684210526315,0.08713288281207586,0.00032256292896947045
fedcg_adapted,97,0.0,48,1.7364256825932174,0.794790179911192,8.625022995662945,1.9734321884513104,1.431325385088146,1000195.2785215317,203520.0,964800.0,1.71,5.07417905474888,3.5004491405995237,8.451709198195166,0.10610379484951706,0.8095854922279793,0.0921691110857826,0.0003211616914253724
proposed,53,0.0,48,1.7350800172252738,0.7830165169814922,8.637326246930737,1.969993296587206,1.4351819356464284,1005427.7411500879,203712.0,964800.0,1.5633333333333332,5.042720387991,3.512483804645201,8.50050322196064,0.09504654974001592,0.616370808678501,0.0146357860772823,0.0045429109136614606
proposed,59,0.0,48,1.739905952070156,0.7923980755437815,8.638848541785217,1.9695034176709456,1.4347613657164293,988954.436649514,206496.0,964800.0,1.5433333333333332,4.969194664732532,3.4745952042938812,8.473012875105239,0.096283888384038,0.6028938906752411,0.014338533804014904,0.005067283401493262
proposed,61,0.0,48,1.733340717885989,0.7797164961657542,8.632351092232375,1.9698923781291762,1.4367903506855308,1029051.8513612669,208368.0,964800.0,1.5633333333333332,5.07390014927503,3.5668192581309106,8.48754247791773,0.10267552515557155,0.6036703155183516,0.017000030491720476,0.004620742717839425
proposed,67,0.0,48,1.7323588803884158,0.7684455505861892,8.650625626139098,1.966492165287479,1.440621755301187,1030360.1442523551,210864.0,964800.0,1.5833333333333333,5.063084843512048,3.569828331780414,8.454923357777396,0.09719356616040957,0.6574333800841514,0.013397050688600264,0.00377603741895122
proposed,71,0.0,48,1.7317324059101264,0.7739337607581024,8.629832494393648,1.9716974770071065,1.438635423185031,1072700.7612867546,217344.0,964800.0,1.58,5.1415738824552815,3.6672117509595332,8.481555573934973,0.09655889069508396,0.6334459459459459,0.01943468919203728,0.004372736718350848
proposed,73,0.0,48,1.7349819038925112,0.7813759971831816,8.639427439732048,1.9706129632721663,1.4371302168343842,969294.6958977138,202320.0,964800.0,1.5366666666666666,4.92297467178703,3.4293778005647386,8.49991742696214,0.0962716248697898,0.6275100401606426,0.014564921089556305,0.004183213565836054
proposed,79,0.0,48,1.7376605930530769,0.7861196131889815,8.642383801925094,1.9667033979232815,1.4364592557784128,1043709.4652731541,211344.0,964800.0,1.5933333333333333,5.101942668966974,3.600531770128253,8.477792179310377,0.09937023137678469,0.6001920614596671,0.018104611219221925,0.004659795556414877
proposed,83,0.0,48,1.7475890773324123,0.8031682574598016,8.64704069829442,1.966400160505686,1.435241149038971,1041071.1292421487,215280.0,964800.0,1.5666666666666667,5.03005118141905,3.594463597256938,8.444119365004413,0.09888531767505751,0.6044487427466151,0.01772177127101288,0.005137881425316957
proposed,89,0.0,48,1.7423435155452371,0.7998462017110548,8.651449511302937,1.9686559037534455,1.4320710693760677,995758.3225114462,206976.0,964800.0,1.5366666666666666,4.939973187219033,3.490244141776324,8.50070062482511,0.0987232923972109,0.6425633995887594,0.012089706945084273,0.003667658963586601
proposed,97,0.0,48,1.7344345508702066,0.7762743407813064,8.64535160773705,1.9712203074765549,1.440167124838992,1031966.7880879045,211152.0,964800.0,1.5666666666666667,5.046908880634325,3.5735236126021777,8.430172266361275,0.0962716248697898,0.6196298744216788,0.01681813645129006,0.004714592174624629
random,53,0.5,48,1.7467687645488006,0.8362146574770409,8.61853214193584,1.9754073724220718,1.4165578458427326,2513892.42033179,504000.0,964800.0,1.5966666666666667,4.987881786372601,6.9819525667630495,7.375296736569408,0.2352570084680835,0.872093023255814,0.05509755748717512,0.00019212944987899807
random,59,0.5,48,1.7497532398644262,0.8301951806851623,8.62684859205832,1.9707494803341694,1.4220149462163418,2563624.3571846876,504000.0,964800.0,1.6566666666666667,5.086556264255336,7.096336021524723,7.087865237168928,0.23208883234635888,0.872093023255814,0.05527323614970954,0.0002729925228538651
random,61,0.5,48,1.741105148556599,0.807377585939651,8.634145079662623,1.970698244863972,1.4271827820179868,2581185.626401615,504000.0,964800.0,1.6433333333333333,5.121400052384159,7.13672694072366,7.269514496430559,0.26089839261855813,0.922736220472441,0.0623526096314515,0.0001312683433749338
random,67,0.5,48,1.74268981479298,0.8099026856140559,8.636793304750649,1.9717341430829316,1.4272118194990364,2682556.38223738,504000.0,964800.0,1.7,5.322532504439243,7.369879679145917,7.189519835384838,0.27611607586645937,0.8585164835164835,0.07060306888929008,4.427462181270321e-05
random,71,0.5,48,1.7357548803562461,0.7917289696349906,8.638936139912852,1.9711330619998237,1.4310377798906813,2636377.518208531,504000.0,964800.0,1.6733333333333333,5.230907774223271,7.263668291879568,7.707381502779881,0.2870660351479837,0.9014423076923077,0.05844405650594217,9.458624904741495e-05
random,73,0.5,48,1.7430578456456323,0.8204030688401929,8.622437458995323,1.9735961125259698,1.4223662997060695,2574268.6285901344,504000.0,964800.0,1.66,5.107675850377252,7.1208178457572515,7.11971746392977,0.2567207216067035,0.8861058601134215,0.06825032092463507,7.69625831713691e-05
random,79,0.5,48,1.7378213261191626,0.7955869344958585,8.633948622037504,1.9683645149788378,1.4308323851737534,2531207.2461096486,504000.0,964800.0,1.5666666666666667,5.022236599423907,7.021776666052137,7.209929428900999,0.21641548235328642,0.8971291866028708,0.07152575573038746,0.00015425995670440782
random,83,0.5,48,1.737349196138233,0.7970922265483704,8.630530572034699,1.971542384837008,1.4300389392410735,2569079.246133567,504000.0,964800.0,1.5933333333333333,5.097379456614227,7.10888226610715,7.297945862710209,0.22978202882732135,0.8920076117982874,0.06841272533521024,0.00015015830545639673
random,89,0.5,48,1.7416516473161474,0.8113847174714268,8.629036046827975,1.9714920005821823,1.4256305270033192,2541047.8277496984,504000.0,964800.0,1.64,5.041761562995436,7.044410003824247,7.210806490672317,0.26746508105691563,0.8945610687022901,0.06290474337595038,0.0001598845440300029
random,97,0.5,48,1.738401466636964,0.795480487915009,8.630793584087705,1.9693528737475476,1.431593061542224,2596267.9405708453,504000.0,964800.0,1.65,5.151325278910414,7.171416263312883,7.293873915188403,0.26460066616629085,0.8928571428571429,0.05369336352931066,4.773138821646739e-05
resource,53,0.5,48,1.7458863965014282,0.8303759398748027,8.613760164003455,1.974110923211309,1.4190101245756797,2261548.13850591,504000.0,964800.0,1.4933333333333334,4.487198687511731,6.40156071856355,7.375296736569408,0.1418088058703691,0.7273079906904577,0.09140646889271314,0.000728140288009753
resource,59,0.5,48,1.7438193735126164,0.8223777561881688,8.612755217525974,1.9731970725757693,1.4218174555182024,2245255.577323773,504000.0,964800.0,1.48,4.454872177229712,6.3640878278446325,7.056377193231314,0.13350706977222312,0.6868131868131868,0.10187843228554413,0.0010888443972591547
resource,61,0.5,48,1.7494433936018488,0.8286820253852312,8.61440651678343,1.9714170962922308,1.4227964343330552,2221015.8512971564,504000.0,964800.0,1.4666666666666666,4.4067774827324575,6.308336457983413,7.306494614895221,0.14336644364843254,0.7080815709969789,0.10707453713532092,0.0007517448170146583
resource,67,0.5,48,1.7424433672205317,0.8172543627146711,8.619025486273411,1.972247286131781,1.423430264189876,2260086.682977152,504000.0,964800.0,1.4833333333333334,4.48429897416102,6.398199370847405,7.158015200022449,0.14264666452747712,0.7156488549618321,0.09503179001796713,0.0007401715691201266
resource,71,0.5,48,1.7421285727906413,0.8297952974882009,8.61011911576854,1.9765938797451086,1.4162475310055382,2207910.8881369727,504000.0,964800.0,1.47,4.3807755717003465,6.278195042714991,7.707381502779881,0.15081063959921365,0.6833090379008746,0.10592093590892399,0.0008356538420234979
resource,73,0.5,48,1.748403656802034,0.8444400072283902,8.605882280774269,1.9769857953422842,1.4130986972607777,2222281.9968574806,504000.0,964800.0,1.4566666666666668,4.409289676304529,6.31124859277216,7.103973441960963,0.13196911348441656,0.7064807837226827,0.10185175252544959,0.0009059253716874116
resource,79,0.5,48,1.7509843875924527,0.846669679023158,8.608399409138146,1.9753137652081272,1.4138924082437965,2197546.2276514373,504000.0,964800.0,1.4533333333333334,4.360210769149679,6.254356323598258,7.259236253520548,0.12717458858731107,0.6970260223048327,0.1016148982188261,0.0011790446052953865
resource,83,0.5,48,1.7418320437969783,0.8231581071740651,8.611370288254669,1.9748053890955386,1.4196561153530691,2237520.5925233457,504000.0,964800.0,1.4766666666666666,4.439524985165368,6.346297362803647,7.4367643802321215,0.1418088058703691,0.7027736131934033,0.11183330340068674,0.0007835109652916122
resource,89,0.5,48,1.7390781079788589,0.8131492321831917,8.609238862346777,1.974130991627177,1.4231749696882026,2250756.1004177597,504000.0,964800.0,1.49,4.465785913527304,6.376739030960801,7.165537251933517,0.14350860332806567,0.717291507268554,0.09788384335884606,0.0007483178868788493
resource,97,0.5,48,1.7457649189493676,0.8327571219084632,8.60813880318465,1.9750772215829295,1.417708199816866,2247396.259931447,504000.0,964800.0,1.4833333333333334,4.459119563356047,6.369011397842281,7.499210650508048,0.13492640944920944,0.7001493651979089,0.10668867275329805,0.0007876474592315676
utility,53,0.5,48,1.7238479362557158,0.7672285648437007,8.620582200784986,1.9770304903954399,1.4362750956123882,2651580.2223886955,504000.0,964800.0,1.62,5.261071869818843,7.298634511493951,7.405268934794663,0.299187012385673,0.5151098901098901,0.05202757505861708,0.005283892230336162
utility,59,0.5,48,1.7297255073041358,0.7811766610729055,8.626476234526761,1.97427654726924,1.4338257173156537,2772909.4300296614,504000.0,964800.0,1.67,5.501804424662031,7.577691689068166,6.898936973543244,0.3591198970184332,0.5272778402699663,0.04211046799388903,0.00455917751510708
utility,61,0.5,48,1.733075514268454,0.7864506596659809,8.626809776149948,1.9731243403076284,1.433745088010175,2712847.268191433,504000.0,964800.0,1.6466666666666667,5.3826334686337995,7.439548716840248,7.281841202585446,0.3260739657724933,0.5165289256198347,0.05050515844977257,0.005173449097917552
utility,67,0.5,48,1.7285187617457372,0.7738790901205969,8.631447044224908,1.9734124633880699,1.436350432813911,2697503.2362977057,504000.0,964800.0,1.6366666666666667,5.35218896090815,7.404257443484674,7.110230506492556,0.31009685454832087,0.5344925883694412,0.046765432196104295,0.005071134244303293
utility,71,0.5,48,1.7311738824695098,0.7857390166661168,8.625532634419903,1.9749224009652553,1.4323984719146206,2681038.152327044,504000.0,964800.0,1.6366666666666667,5.319520143506043,7.366387750352149,7.50270921718539,0.3217876837081397,0.5730440097799511,0.04003093196685793,0.0035551903571350253
utility,73,0.5,48,1.725013147078148,0.7693384892998543,8.626471410524395,1.9785528139254707,1.4360278816219887,2739736.6538344147,504000.0,964800.0,1.64,5.435985424274637,7.501394303819106,6.899301156366472,0.34605329433275606,0.5114566284779051,0.047153670298443806,0.0049132960732169596
utility,79,0.5,48,1.733009652948907,0.7929572401217161,8.62209798879769,1.9760518855332019,1.4303763838131867,2600621.477584728,504000.0,964800.0,1.6033333333333333,5.159963249176051,7.181429398444825,7.246909547365661,0.29904537772663425,0.5122950819672131,0.0475579023619358,0.004888068665297427
utility,83,0.5,48,1.732170039726006,0.7899835285582282,8.623432356848623,1.9744389241134865,1.4310588817599204,2702183.04034748,504000.0,964800.0,1.63,5.361474286403731,7.415020992799153,7.138788435513218,0.32792510254635965,0.562387522495501,0.04722814412979909,0.004110080541413724
utility,89,0.5,48,1.7298753446977346,0.7803916493509754,8.629043562659916,1.9752757452475191,1.4343754142901324,2714624.283750984,504000.0,964800.0,1.6266666666666667,5.386159293156715,7.443635852627211,6.882144856494992,0.3279251025463596,0.526685393258427,0.046857695661698354,0.004727525504101875
utility,97,0.5,48,1.738042335549376,0.7996746297795536,8.627814921111355,1.973035755783516,1.4306209704519701,2645261.2911055544,504000.0,964800.0,1.6133333333333333,5.248534307749119,7.2841009695427275,7.269933426887784,0.2770774687493412,0.5199667221297837,0.053103417481440776,0.005946604581359016
random_adaptive,53,0.5,48,1.7570013014028028,0.8384146884062287,8.630524819085084,1.9650345907187503,1.422951368071985,939366.2559531091,193872.0,964800.0,1.5633333333333332,4.987199869813234,3.360542388692153,7.425832792487498,0.08399978266329115,0.872093023255814,0.04329353196612608,0.00019212944987899807
random_adaptive,59,0.5,48,1.7698340163155901,0.8550603811194322,8.646190066086902,1.966357152504729,1.422534880040244,970440.2985343148,199152.0,964800.0,1.63,5.086010731007842,3.4320126866289233,7.113366542015482,0.08484678528695497,0.872093023255814,0.04521750616561637,0.0002729925228538651
random_adaptive,61,0.5,48,1.7772028398778503,0.8839523513347582,8.66049783449302,1.9683978762676289,1.4106901516506074,1001013.6906363927,204048.0,964800.0,1.61,5.120718135824792,3.5023314884637045,7.313289180216258,0.09560245505372601,0.922736220472441,0.0509191899277831,0.0001312683433749338
random_adaptive,67,0.5,48,1.7410725636239566,0.7945731474030359,8.65008623786854,1.9685685005573097,1.4329687219200804,1002865.6232085587,196032.0,964800.0,1.7,5.322532504439243,3.506590933379686,7.199002259808863,0.09800860577130571,0.8585164835164835,0.058169183363517424,4.427462181270321e-05
random_adaptive,71,0.5,48,1.748190848006144,0.8120113715108339,8.653655704367166,1.971598019270393,1.4305674504258017,1014313.7243461516,203088.0,964800.0,1.6533333333333333,5.230498624287651,3.5329215659961486,7.748317807928297,0.11202067623471608,0.9014423076923077,0.03908923464718213,9.458624904741495e-05
random_adaptive,73,0.5,48,1.7394298384772522,0.7900290800315608,8.644234407835604,1.9699940709311423,1.4352740938655848,999622.9995740093,204960.0,964800.0,1.64,5.107266700441632,3.499132899020223,7.152936268927255,0.08925382603456158,0.8861058601134215,0.059762746831772365,7.69625831713691e-05
random_adaptive,79,0.5,48,1.7474018783597978,0.8135802332249867,8.64445014347923,1.969285430796347,1.4283706212318912,938200.9150904698,194400.0,964800.0,1.54,5.021691066176414,3.3578621047080803,7.2591759481599105,0.07419959394969818,0.8971291866028708,0.05084848438881395,0.00015425995670440782
random_adaptive,83,0.5,48,1.764545600182339,0.8584048014747017,8.624624390927256,1.968919627443491,1.417465157192773,990547.6345462066,202464.0,964800.0,1.5866666666666667,5.097243073302354,3.478259559456276,7.4632385849272564,0.08881302461007978,0.8920076117982874,0.05468066176882861,0.00015015830545639673
random_adaptive,89,0.5,48,1.7472545291403598,0.8110357722502635,8.64246940461129,1.967097744237464,1.429923132462114,947895.5066861805,196752.0,964800.0,1.6133333333333333,5.041216029747942,3.3801596653782147,7.222835622384631,0.097617804241326,0.8945610687022901,0.04745192015322858,0.0001598845440300029
random_adaptive,97,0.5,48,1.7464385904123092,0.7972242451067796,8.645253890643273,1.9636706614931152,1.4360480814342786,979015.5964100562,198048.0,964800.0,1.6433333333333333,5.1511888955985405,3.4517358717431286,7.493560071460642,0.09329218089382667,0.8928571428571429,0.0479493863821504,4.773138821646739e-05
resource_adaptive,53,0.5,48,1.7198276712809133,0.7396739737227651,8.621468531714232,1.9730965226517558,1.4450900600384626,910421.5594154136,181344.0,964800.0,1.6433333333333333,4.951830854761961,3.293969586655453,7.433599455040398,0.08982505900875312,0.8318544809228039,0.07578429452050167,0.0002573326104370941
resource_adaptive,59,0.5,48,1.7246032252704178,0.7458583526315975,8.628142601152472,1.9695853859399466,1.445716376395553,892108.5654687133,179136.0,964800.0,1.6433333333333333,4.935790011029626,3.25184970057804,7.118426216105706,0.08184502913198148,0.8259911894273128,0.080425296677134,0.0003516148170433416
resource_adaptive,61,0.5,48,1.7285964663240396,0.7642410828977879,8.617168397357075,1.9708714770522144,1.4405661556095393,899816.2748119601,181488.0,964800.0,1.6366666666666667,4.9169099839185835,3.269577432067509,7.324619862678211,0.09198946071088003,0.8187772925764192,0.0759007555859525,0.00041156922629390655
resource_adaptive,67,0.5,48,1.726195524028376,0.7465575757755749,8.631150655546412,1.9696551684314458,1.4464215466477983,915549.259047817,182112.0,964800.0,1.6633333333333333,5.008969469182648,3.30576329580998,7.185215716076803,0.08669387730183312,0.8223684210526315,0.0790776584549579,0.00028470322349596
resource_adaptive,71,0.5,48,1.738349686418655,0.7978458200865522,8.601439255365431,1.9766633682707415,1.4310239236773588,899276.8470397075,181968.0,964800.0,1.6333333333333333,4.889988738897072,3.268336748191329,7.769430525654273,0.08581677472538664,0.814509122502172,0.0852854776411561,0.000418931865157768
resource_adaptive,73,0.5,48,1.728337437099121,0.7601664346519605,8.622476783500476,1.972775826960609,1.441500518210693,912137.1856286031,181824.0,964800.0,1.6466666666666667,4.952428585965004,3.297915526945788,7.166022464835355,0.08534350810593959,0.8311170212765957,0.07703203867229763,0.00033475933437374214
resource_adaptive,79,0.5,48,1.7308817024734815,0.771381919571911,8.62811128067106,1.9727487721475914,1.438148360778436,921386.4059849288,184176.0,964800.0,1.66,5.001615080848857,3.3191887337653356,7.277361501303538,0.09986180549230399,0.8187772925764192,0.07475355505929804,0.0004672393131846109
resource_adaptive,83,0.5,48,1.7225419947775005,0.7377385238462731,8.635149153515126,1.9701224803433912,1.447900342108082,895157.7041208784,179424.0,964800.0,1.6433333333333333,4.942751687160387,3.258862719478022,7.488793795810343,0.0938333432921196,0.8281802120141343,0.08178317964082402,0.00038405812568554026
resource_adaptive,89,0.5,48,1.7252980614436895,0.7511902357493927,8.62205371106543,1.9717552983566708,1.444220281619834,902966.0652378246,182448.0,964800.0,1.6433333333333333,4.9180612885227335,3.2768219500469975,7.214809100566755,0.08934777272976838,0.8202099737532809,0.07749964509457448,0.0003637861770834402
resource_adaptive,97,0.5,48,1.7223672351216737,0.7402496357756956,8.63068583230478,1.9694432517812712,1.4467348159111177,911584.6281419772,181344.0,964800.0,1.6733333333333333,5.003434387359652,3.296644644726549,7.537378703467199,0.08616418436541808,0.8252640845070423,0.08074393796872797,0.0003764826730275542
utility_adaptive,53,0.5,48,1.7527687050111886,0.8314586604409352,8.628734043710496,1.9707696089007518,1.4246220039715034,1013530.9437641429,206016.0,964800.0,1.58,5.083696979177501,3.5311211706575243,7.433599455040398,0.11025594011659956,0.5332764505119454,0.03744874153180717,0.005083373938266186
utility_adaptive,59,0.5,48,1.7295064806507356,0.7718051819014532,8.635614226771136,1.9725562237425618,1.4369723149365807,1072676.0129499994,213696.0,964800.0,1.6433333333333333,5.271990167751012,3.6671548297849967,7.030134476109069,0.11020737966207202,0.5716463414634146,0.027817161192366147,0.004878750874442858
utility_adaptive,61,0.5,48,1.7514660301257066,0.8224868500672589,8.6302742839139,1.9669474105585698,1.4274633351614585,999494.8519756625,202320.0,964800.0,1.6233333333333333,5.171259419347711,3.4988381595440208,7.326998921579608,0.10252984379198886,0.5610412926391383,0.03496154351959599,0.0050288943015234025
utility_adaptive,67,0.5,48,1.7360259197893795,0.7814839580894336,8.652174353054717,1.9695648999377104,1.4372175847459938,1035750.3176062318,209616.0,964800.0,1.61,5.099721791809504,3.5822257304943323,7.157259615716078,0.10977832365620147,0.5603705917513448,0.033838331673440046,0.0051356030185282665
utility_adaptive,71,0.5,48,1.738285516682699,0.8002451312306699,8.614892210420408,1.971613503618546,1.430481437614624,1075576.49319039,213168.0,964800.0,1.6433333333333333,5.346447381182577,3.673825934337898,7.649032698386131,0.10907124086189039,0.594106463878327,0.029671070207733782,0.004451934543021396
utility_adaptive,73,0.5,48,1.7373181103410353,0.7976065416901305,8.621002454966076,1.9742180578894668,1.4309112475865888,1121646.173206076,217056.0,964800.0,1.66,5.44778446025029,3.7797861983739756,7.04056496347699,0.11505029537170464,0.5341880341880342,0.03837560457822849,0.005176811135423476
utility_adaptive,79,0.5,48,1.7547880083409264,0.8339903473440919,8.633973590193758,1.9708844490183688,1.4235979299246329,1034958.5577843538,210576.0,964800.0,1.6133333333333333,5.088699321844044,3.5804046829040126,7.252321077478236,0.10632005127250287,0.5234505862646566,0.04534030016401305,0.005923205998339273
utility_adaptive,83,0.5,48,1.752934573587655,0.8226609716400234,8.64950754538943,1.9669071597653116,1.4277918402733463,1055839.3241944818,212400.0,964800.0,1.6333333333333333,5.155003886297581,3.6284304456473055,7.438966956907544,0.1205485087280121,0.5794190358467244,0.03160542720825552,0.00530705197014762
utility_adaptive,89,0.5,48,1.7462966549666523,0.8146006683855894,8.642904383389084,1.9746658038266387,1.4283866006707762,1065931.3391698396,209952.0,964800.0,1.62,5.296014797348529,3.6516420800906313,7.05131181648158,0.11587594977361551,0.5607057416267942,0.03466080208910326,0.005119069471892321
utility_adaptive,97,0.5,48,1.7594663652234739,0.8336278040073543,8.661263559085208,1.9688547491825592,1.4261270459859268,1057626.3671190387,215808.0,964800.0,1.63,5.177647668031144,3.6325406443737887,7.489086718285742,0.11293348330086479,0.557703747769185,0.03742167129803406,0.005594233005841579
proposed_fixed_comp,53,0.5,48,1.7393131886302526,0.8128854470801019,8.61374459328943,1.9754391981542518,1.4242764785514574,2372540.915938199,504000.0,964800.0,1.44,4.7074224522583314,6.656844106657808,7.390282835682036,0.1442785722723116,0.6399317406143344,0.030799665906755626,0.003056993445043371
proposed_fixed_comp,59,0.5,48,1.733782330993693,0.8011626512527635,8.608559619704417,1.9767885754664956,1.4261908741144342,2380151.1318224394,504000.0,964800.0,1.4566666666666668,4.722522086949283,6.674347603191559,6.898936973543244,0.1442785722723116,0.6394952251023193,0.03079792839203882,0.002908221571580146
proposed_fixed_comp,61,0.5,48,1.7438165019313492,0.826876818362964,8.608959464649935,1.9752862960397837,1.420316492609955,2360226.9624007135,504000.0,964800.0,1.4266666666666667,4.682990004763325,6.628522013521596,7.281841202585446,0.13294053113606827,0.6519471488178025,0.03164300631747963,0.0030300075052586313
proposed_fixed_comp,67,0.5,48,1.7344349536860721,0.7968760436112997,8.615198853725548,1.974364099772389,1.4291751582583128,2383202.6663482697,504000.0,964800.0,1.45,4.72857671894498,6.681366132600973,7.144400640183683,0.1332238004541457,0.67012151536812,0.02821581989590513,0.002860576277830068
proposed_fixed_comp,71,0.5,48,1.7394074150377552,0.8123067534866283,8.611643693090777,1.9751073552593204,1.4246818629081304,2367456.181788495,504000.0,964800.0,1.44,4.6973336940247945,6.6451492181134935,7.518453239154197,0.13322380045414572,0.6592827004219409,0.03392982817536198,0.002669428501015471
proposed_fixed_comp,73,0.5,48,1.7351334427718246,0.8013295014534771,8.613727899155927,1.9751847435716712,1.4271177138549789,2362430.5513052396,504000.0,964800.0,1.4333333333333333,4.687362204970715,6.6335902680020045,6.915045178335279,0.1442785722723116,0.6452167928423951,0.027986964707191135,0.0028610669673367044
proposed_fixed_comp,79,0.5,48,1.7365173617786567,0.8029376760480134,8.6152472252536,1.9751318898355514,1.4274460746670081,2394215.1482320735,504000.0,964800.0,1.4566666666666668,4.750426881412846,6.70669484093372,7.222256135055886,0.15547497874951624,0.6360244233378561,0.027553411152873943,0.0033118285975953974
proposed_fixed_comp,83,0.5,48,1.7433062194207691,0.8180377935208387,8.61731696067456,1.9739033786753988,1.4245321516101042,2362018.2445951137,504000.0,964800.0,1.4433333333333334,4.686544136101418,6.632641962568714,7.336595561349027,0.13322380045414572,0.6734913793103449,0.03198689871842331,0.0031078163993112267
proposed_fixed_comp,89,0.5,48,1.731997137241236,0.7904199480670918,8.611039814642771,1.9749155990089988,1.430742195589449,2398456.265432848,504000.0,964800.0,1.4633333333333334,4.758841796493747,6.716449410495502,6.929376922401413,0.14895950282534728,0.646106133700896,0.02671953495023508,0.003421701417915048
proposed_fixed_comp,97,0.5,48,1.7438837016333084,0.8212604367267398,8.61412805246332,1.975430841186023,1.4236392913900366,2356235.712254712,504000.0,964800.0,1.4333333333333333,4.67507085764824,6.61934213818579,7.387680368992174,0.13294053113606827,0.6123448726322664,0.033688375524605775,0.003790722933301997
fedcg_adapted,53,0.5,48,1.7443552245331506,0.8139618909677055,8.624605499322522,1.973403624518003,1.4274779119163918,992068.8141665637,202416.0,964800.0,1.6733333333333333,5.044432401762132,3.4817582725830984,7.434146681033572,0.09918656589187728,0.8303808680248007,0.09044409212990692,0.00022183494027915566
fedcg_adapted,59,0.5,48,1.7355666911875107,0.7883743929165502,8.62709797533433,1.9709994977133412,1.4336194429511901,1002022.5520971656,203520.0,964800.0,1.6966666666666668,5.084952507703771,3.504651869823482,7.1213930638333585,0.09766525317046036,0.8152173913043478,0.091367233137532,0.0002823638437416835
fedcg_adapted,61,0.5,48,1.735352175899819,0.7855177131205552,8.62476831934579,1.9718203322838175,1.4355127729648807,986600.9762034495,202896.0,964800.0,1.67,4.989436476507069,3.4691822452679357,7.326998921579608,0.10138433950923967,0.8130962705984388,0.0935798910893457,0.00032500322977256375
fedcg_adapted,67,0.5,48,1.735493567400075,0.7873008889391409,8.621105972398952,1.9722021033049268,1.4340527358278614,992530.5603536561,201456.0,964800.0,1.6933333333333334,5.078848482884219,3.4828202888134085,7.172543217085256,0.10293204701417362,0.8252640845070423,0.09147568300700626,0.00022203631079402872
fedcg_adapted,71,0.5,48,1.7392915749067992,0.8018061297183988,8.62445370488015,1.974044553561509,1.42963991929881,972923.9526047572,200544.0,964800.0,1.67,4.993739068450144,3.437725090990942,7.764370851564049,0.09640859712541204,0.8238137082601055,0.0924710887007304,0.000310769768598816
fedcg_adapted,73,0.5,48,1.7406814809089848,0.7993363647798579,8.628743267155356,1.9716095573178407,1.4320173823300573,999521.2286986992,204096.0,964800.0,1.69,5.088338021727656,3.498898826007009,7.168989312563007,0.09440527109282452,0.8245382585751979,0.0949716486860629,0.00026684761939792527
fedcg_adapted,79,0.5,48,1.7347244496351324,0.7917755448408261,8.62906809172266,1.9726655796731145,1.4310927529682111,1003814.195221084,203520.0,964800.0,1.7,5.101224883032625,3.508772649008495,7.279740560204935,0.10256017470991816,0.814509122502172,0.08599463969325534,0.00033737972666573655
fedcg_adapted,83,0.5,48,1.7347652547195864,0.7891325515522958,8.617725887425223,1.976507315086784,1.4323196022759752,945031.6790202319,191136.0,964800.0,1.68,5.052956948997712,3.3735728617465353,7.479398917011983,0.10322822209047924,0.8274492497793469,0.09784061072226831,0.0003527010727931414
fedcg_adapted,89,0.5,48,1.7394500344488546,0.8025070160761346,8.617971956491903,1.9749084472758325,1.4292830106972834,987477.1011871266,201792.0,964800.0,1.6766666666666667,5.025353472804481,3.4711973327303918,7.214809100566755,0.10008318973988434,0.8216476774758983,0.08939981807335667,0.0002566098802898257
fedcg_adapted,97,0.5,48,1.7370184996285216,0.7980288701199062,8.624926067027689,1.9726064601310316,1.4295541778652214,1002519.1094305973,201792.0,964800.0,1.7133333333333334,5.102283747465717,3.505793951690375,7.525278263231359,0.09826462460125751,0.8159268929503917,0.09877684313050891,0.00026516010664218447
proposed,53,0.5,48,1.7403289653595426,0.7851225823485304,8.64474402422915,1.965556810850282,1.4382184198845962,995317.8744674954,200880.0,964800.0,1.5533333333333332,5.009876951695389,3.4892311112752377,7.441366117593299,0.0922633405864233,0.6438873626373627,0.01378090944092073,0.0036952073435818
proposed,59,0.5,48,1.7335496005197415,0.778764940679885,8.62539573985809,1.9704699156748857,1.436984061334142,977436.514823094,204864.0,964800.0,1.5166666666666666,4.881494947440953,3.448103984093114,7.038160997926945,0.09125634225950191,0.6360244233378561,0.011351480272352794,0.004142252894320905
proposed,61,0.5,48,1.7346054182278652,0.7763113711407209,8.625704827438453,1.968381699646803,1.4396996938615787,967496.1767376019,201888.0,964800.0,1.54,4.956874960917016,3.425241206496481,7.313289180216258,0.09782700057059021,0.6456611570247934,0.013030839911009742,0.003567642269692687
proposed,67,0.5,48,1.7414559532034122,0.7886435945707416,8.649926363556945,1.9645478404334815,1.4371646953028625,991632.8636748728,202032.0,964800.0,1.5733333333333333,5.066400899771516,3.480755586452205,7.1798560848806146,0.09514367064907106,0.6853070175438597,0.01167417123226673,0.003769693355845313
proposed,71,0.5,48,1.7318748374425772,0.7738188604296222,8.64001197446606,1.970328990287217,1.437770456523574,1046500.8760959334,214608.0,964800.0,1.5633333333333332,5.050575643481751,3.606952015020646,7.649032698386131,0.0962716248697898,0.6616090331686661,0.010691044579538504,0.0042624325001130985
proposed,73,0.5,48,1.738513103109217,0.8024719149616896,8.623059282631207,1.9715799966025271,1.4286951314605463,1014304.6184120631,208896.0,964800.0,1.5433333333333332,5.019825943077062,3.5329006223477424,7.056618007112742,0.09232236196565786,0.6421232876712328,0.010460647713819923,0.0034842018967655135
proposed,79,0.5,48,1.7445707924126412,0.8017151407745486,8.6380513782266,1.9668953929528783,1.4331012431523582,1032430.2355470452,214656.0,964800.0,1.5466666666666666,4.9635967374873,3.5745895417582014,7.252321077478236,0.10289354555477562,0.6390593047034765,0.012608326776235225,0.004434087145336652
proposed,83,0.5,48,1.73520766908462,0.7803011722360258,8.630913964591972,1.969029817742346,1.4378570157784785,1045035.2675982772,216816.0,964800.0,1.5566666666666666,4.950000233030971,3.6035811154760355,7.41937661501469,0.09598435904449562,0.6739755571531273,0.013431792056054524,0.003938936772883249
proposed,89,0.5,48,1.7302234393531064,0.7689542620798148,8.64124348902231,1.9712921002634083,1.4391857557196364,988592.7827944792,207792.0,964800.0,1.5366666666666666,4.899205422523876,3.4737634004273006,7.099470947388837,0.09935796786253652,0.6616090331686661,0.012206264690365863,0.0034791628169133677
proposed,97,0.5,48,1.7352101602282686,0.7779122210015955,8.652941374722543,1.9705262441342075,1.437985865193203,1054885.7283216596,212496.0,964800.0,1.59,5.156947432793353,3.6262371751398152,7.477718303935572,0.10301884250587154,0.6151574803149606,0.01803997066616076,0.004957272033427296
random,53,0.9,48,1.745238096496944,0.8290905681024967,8.621931720791693,1.9744818663187775,1.4189556771247742,2403945.9023268535,504000.0,964800.0,1.5766666666666667,4.7697339331882045,6.729075575351703,6.510606807688522,0.25965194490447974,0.8530482256596906,0.06588624094398193,0.0001715362781631626
random,59,0.9,48,1.7475676510438436,0.8214659403248457,8.631383765570234,1.9701315400463217,1.4249746867380286,2639446.173544152,504000.0,964800.0,1.66,5.236996376079667,7.270726199151492,5.871717420706123,0.25828782786842064,0.9084302325581395,0.0576571320617419,3.0054321362427263e-05
random,61,0.9,48,1.7431613735426572,0.8123142193513313,8.637797413975342,1.9715671941731736,1.426004988048347,2615419.772102235,504000.0,964800.0,1.6433333333333333,5.189324944647295,7.215465475835086,6.077205979229327,0.2493829829183895,0.9093113482056256,0.06038117414995793,0.000238533295205883
random,67,0.9,48,1.7471204730086165,0.8208994404966143,8.637188523515439,1.9701428274449662,1.4244888634224178,2613397.7798428,504000.0,964800.0,1.6633333333333333,5.185313055243648,7.210814893638383,5.961239626690111,0.2473952126870373,0.8664510166358595,0.08008354338968236,6.811098797270709e-05
random,71,0.9,48,1.7359739463271278,0.7899068753744762,8.637966667441543,1.971092853235793,1.4322843535524366,2544603.3899685675,504000.0,964800.0,1.63,5.048816249937634,7.052587796927652,6.396504249695822,0.24133578179342652,0.8979885057471264,0.05962908017105864,0.00017150338943022894
random,73,0.9,48,1.7459530269319083,0.8246770327375637,8.628460957219456,1.9721183340908501,1.4219975090595296,2560321.953800481,504000.0,964800.0,1.67,5.080003876588256,7.0887404937410485,5.879748686319793,0.32196310316779014,0.8869441816461684,0.06346071841824444,6.19955261666994e-05
random,79,0.9,48,1.738901768693569,0.7999125878690515,8.630678737153733,1.9690401499938432,1.4295441756272016,2524185.006754352,504000.0,964800.0,1.5733333333333333,5.008303584830065,7.005625515534949,6.037753077464888,0.2442588421969281,0.8928571428571429,0.06008512167163684,0.00043702736435062095
random,83,0.9,48,1.7438651644247536,0.8143975169372853,8.633277469208023,1.970547209458934,1.4254082694000547,2503886.537124319,504000.0,964800.0,1.5766666666666667,4.968028843500636,6.958939035385881,6.454680601822067,0.2684783591736739,0.8903133903133903,0.06692624613321704,0.0004262301234745848
random,89,0.9,48,1.7452333755960365,0.8199033065327126,8.635522183614682,1.972319038041324,1.423745933921778,2573853.100430156,504000.0,964800.0,1.6333333333333333,5.106851389742374,7.119862130989301,5.949281039084761,0.2810070469906009,0.8894686907020873,0.05761737881322708,0.00012200121020551402
random,97,0.9,48,1.734245501526872,0.7939308967910819,8.627518473500556,1.9731520714606747,1.429429534643336,2545725.139187691,504000.0,964800.0,1.6233333333333333,5.051041942832722,7.055167820131631,6.357712777547359,0.28882018314303665,0.8632596685082873,0.06979925124432718,0.00030977108478924553
resource,53,0.9,48,1.7446798372487662,0.8331537209962252,8.607693121709213,1.9758091427311026,1.4164409746604543,2235311.9177535106,504000.0,964800.0,1.4766666666666666,4.435142693955383,6.341217410833033,6.52559290680115,0.13492640944920944,0.6996268656716418,0.09911377590986713,0.0006686396450297636
resource,59,0.9,48,1.7478384428902802,0.8359715679453382,8.613159588917418,1.9737964436453093,1.4172814007563646,2246004.6318846964,504000.0,964800.0,1.4733333333333334,4.456358396596622,6.365810653334755,5.855973398737316,0.15081063959921365,0.6934171597633136,0.10415115816182671,0.000984114099458717
resource,61,0.9,48,1.7486869147092348,0.8347283227213629,8.611047476114962,1.97354096210445,1.4188177614849151,2228750.3258627094,504000.0,964800.0,1.4766666666666666,4.422123662426011,6.326125749484184,6.089532685384214,0.1357567824661673,0.6980640357408786,0.11431560857888762,0.0007531257825932905
resource,67,0.9,48,1.7458275006728239,0.8306260667598997,8.611172183253284,1.973556928842586,1.4188250803557316,2245531.544861441,504000.0,964800.0,1.4633333333333334,4.455419731867945,6.364722553181267,5.934010507012579,0.1258688743007199,0.6954747774480712,0.1004005573852971,0.0007247528395882261
resource,71,0.9,48,1.7471876430237443,0.8373021277782808,8.607340778220198,1.9749513925820121,1.4161423643061666,2214937.1276675863,504000.0,964800.0,1.4633333333333334,4.394716523149976,6.294355393635399,6.396504249695822,0.1362093586707942,0.6768953068592057,0.1160269038013037,0.0009138510533034466
resource,73,0.9,48,1.7508268491185437,0.848967573463598,8.606950206568852,1.9766266671511377,1.4124888562674927,2218351.4746885393,504000.0,964800.0,1.4433333333333334,4.401491021207427,6.302208391783594,5.8954927082886,0.13372477048918213,0.7070135746606335,0.10106566410019763,0.0009834431640929216
resource,79,0.9,48,1.750498444460266,0.8472148124809192,8.60568684145505,1.9758888782938915,1.413163804268737,2198495.2240093993,504000.0,964800.0,1.45,4.362093698431351,6.256539015221572,6.0500797836197755,0.1316376991600508,0.6878209831254586,0.10847393860470086,0.000980401341533458
resource,83,0.9,48,1.746125311266289,0.8331786421899396,8.612437502410495,1.9747578727511097,1.417418417011684,2230092.8745458312,504000.0,964800.0,1.4766666666666666,4.4247874494957,6.3292136114553665,6.391704513946839,0.1418088058703691,0.7064807837226827,0.1152911987088356,0.0007144902996969769
resource,89,0.9,48,1.749859396258974,0.8437338262504993,8.606543889358782,1.975473188970005,1.4148099136029548,2231970.4095399515,504000.0,964800.0,1.4766666666666666,4.428512717341177,6.333531941941842,5.949281039084761,0.13534159595768835,0.7273079906904577,0.09580666453509015,0.0006948148026765882
resource,97,0.9,48,1.7412028633229149,0.8237545008939553,8.610439883619545,1.9761174990670405,1.4188811806864257,2246069.1229897416,504000.0,964800.0,1.4866666666666666,4.456486355138381,6.365958982876358,6.303254538192295,0.15164849825632165,0.714013709063214,0.10272667051626522,0.0007582121911921736
utility,53,0.9,48,1.7284625318943083,0.7809978822016795,8.626716733708768,1.9758419992385587,1.4327234434592504,2724039.990085164,504000.0,964800.0,1.66,5.404841250168978,7.465291977195825,6.540579005913778,0.3189232688175151,0.550822561692127,0.0406112434060541,0.004162643244368436
utility,59,0.9,48,1.7310676652437627,0.7879670213279819,8.6238703984492,1.9741094087908138,1.431164386179576,2683833.8886033623,504000.0,964800.0,1.6233333333333333,5.325067239292388,7.372817943787681,5.698533179049246,0.3224501229055974,0.5702554744525548,0.035538404095994,0.0036296066419537866
utility,61,0.9,48,1.7270506582066956,0.7720006725169816,8.628216849890226,1.973743401550425,1.4363446976841812,2675868.7951701186,504000.0,964800.0,1.64,5.3092634824803975,7.354498228891224,6.101859391539102,0.3190986882771655,0.5354083380925185,0.04400574193107357,0.004310496012669926
utility,67,0.9,48,1.7257230921656026,0.7609237012774971,8.629261680171064,1.9732596131218587,1.4408474671157698,2675165.369087033,504000.0,964800.0,1.6233333333333333,5.307867795807604,7.352880348900121,5.920395947173813,0.3180854101604071,0.5726939523518632,0.0389303223589013,0.004828913336225465
utility,71,0.9,48,1.7277641695618027,0.7726467268243795,8.62573710337477,1.974277164619847,1.4364533554047716,2694248.558560026,504000.0,964800.0,1.6566666666666667,5.345731266984178,7.396771684688007,6.207575986070139,0.3672838720901699,0.5627250900360145,0.041407573842413434,0.003669152868133177
utility,73,0.9,48,1.7300338988903186,0.7776377079648686,8.629380506767502,1.972730419847674,1.4356370013204667,2647496.780501807,504000.0,964800.0,1.6166666666666667,5.252969802582953,7.289242595154105,5.73805248860053,0.3103834188628776,0.5634014423076923,0.03457005155058358,0.004562097630030666
utility,79,0.9,48,1.7336847257470718,0.7892396520753321,8.623694043379666,1.97355415880286,1.4327128219990084,2638077.1977799754,504000.0,964800.0,1.6266666666666667,5.234280154325351,7.267577554893893,6.013099665155114,0.3102417842038389,0.538174512055109,0.04358703958499006,0.005161047983065072
utility,83,0.9,48,1.7316701463728064,0.7805363278629792,8.632288007972686,1.9717451152010272,1.4354495464653652,2719686.809130302,504000.0,964800.0,1.6566666666666667,5.396203986369648,7.455279660999643,6.218520272289962,0.33961593170617854,0.5712979890310786,0.04261092686195526,0.004124474139532162
utility,89,0.9,48,1.7274309796669824,0.7725642702337885,8.627131016445242,1.9744078284885536,1.4364012943344362,2707030.8454855913,504000.0,964800.0,1.6266666666666667,5.371092947392047,7.426170944616809,5.728864731521464,0.329776239320226,0.5723443223443223,0.04372434641795971,0.003529565154350545
utility,97,0.9,48,1.7305194148841563,0.7772218199710663,8.635721645519292,1.9735094418584826,1.4358957529537864,2704678.4073183015,504000.0,964800.0,1.6466666666666667,5.366425411345837,7.420760336832042,6.344098217708593,0.29840602538850197,0.5716463414634146,0.04366508458051996,0.0036020452658137776
random_adaptive,53,0.9,48,1.7424331131095339,0.8068897711776435,8.627108786896322,1.9695409462881073,1.4287565201730619,907070.2814804016,195840.0,964800.0,1.55,4.769188399940712,3.286261647404927,6.561142863606612,0.08902352396725016,0.8530482256596906,0.05635934011864254,0.0001715362781631626
random_adaptive,59,0.9,48,1.7773269933362947,0.8589807070366718,8.6740162799101,1.9629481829080118,1.4244013881125928,997979.8281823804,200064.0,964800.0,1.6333333333333333,5.236450842832175,3.495353604819474,5.897218725552677,0.08855582669774419,0.9084302325581395,0.04983819758167205,3.0054321362427263e-05
random_adaptive,61,0.9,48,1.7628505113552135,0.8490192321293119,8.653455668650778,1.9671912441331991,1.4189909595027506,1002167.9849118837,201072.0,964800.0,1.61,5.188643028087928,3.5049863652973343,6.1100369920686015,0.09141492639735166,0.9093113482056256,0.04902227987535848,0.000238533295205883
random_adaptive,67,0.9,48,1.7716958954884732,0.8713943864412456,8.651556447038953,1.9669928156431327,1.4134232365430401,992288.6826147645,198816.0,964800.0,1.65,5.1850402886199,3.482263970013959,5.99008330620641,0.09385958913886641,0.8664510166358595,0.06151565206344802,6.811098797270709e-05
random_adaptive,71,0.9,48,1.7543254894925215,0.8328607898276225,8.646638309870431,1.9716260939111867,1.4237566855549235,989002.8190433392,204960.0,964800.0,1.5966666666666667,5.0481343333782664,3.474706483799683,6.429723054693308,0.09075018035612742,0.8979885057471264,0.050665313320229166,0.00017150338943022894
random_adaptive,73,0.9,48,1.7527307352670922,0.8322211090944671,8.629915862337631,1.9694195720432601,1.4227350581299727,996047.881341956,204912.0,964800.0,1.65,5.079594726652635,3.4909101270865004,5.920684991468209,0.11630284039362582,0.8869441816461684,0.05567700001974704,6.19955261666994e-05
random_adaptive,79,0.9,48,1.7422123823553783,0.7906030601015668,8.6477570546062,1.963483474234405,1.4356715954457104,973496.099650474,202128.0,964800.0,1.5466666666666666,5.007758051582571,3.4390410291960887,6.068205031402766,0.09021197232114411,0.8928571428571429,0.04955920380157895,0.00043702736435062095
random_adaptive,83,0.9,48,1.7506524945373647,0.8268285352832127,8.642368846924391,1.9694029145483083,1.422974442147831,956812.6004216468,199440.0,964800.0,1.57,4.9678924601887635,3.4006689809697885,6.453673971367597,0.09796521388135744,0.8903133903133903,0.052571447591772465,0.0004262301234745848
random_adaptive,89,0.9,48,1.748313321632738,0.8179020902195265,8.645419548109592,1.9699220435876545,1.4271069026102243,990296.7840350413,202752.0,964800.0,1.6133333333333333,5.106442239806754,3.4776826032805945,5.974782343931316,0.10226076399001809,0.8894686907020873,0.04995494309605529,0.00012200121020551402
random_adaptive,97,0.9,48,1.739963358027371,0.7848246600257041,8.649799611368973,1.968462478526725,1.437413209322376,960665.2195451726,198864.0,964800.0,1.6166666666666667,5.0509055595208485,3.4095300049538975,6.376667195515212,0.10236429969470365,0.8632596685082873,0.06503042302608049,0.00030977108478924553
resource_adaptive,53,0.9,48,1.7282521949451939,0.7719645350508372,8.611288694483118,1.9787535825407685,1.4354270711270825,911965.6008528506,182592.0,964800.0,1.6466666666666667,4.96818217287679,3.297520881961558,6.576676188712414,0.08982505900875311,0.8311170212765957,0.07392845949266236,0.0002573719916684854
resource_adaptive,59,0.9,48,1.7224705101942348,0.7458645402322246,8.620916411252065,1.970633248097207,1.4439130624625696,903639.5719141313,179136.0,964800.0,1.6566666666666667,5.002520372403574,3.2783710154025028,5.910304921460777,0.08244316590734577,0.8123916811091855,0.08806223773284277,0.0003605229794422356
resource_adaptive,61,0.9,48,1.736887345165093,0.7831977465628327,8.623530372760468,1.9705486795929719,1.4375225684183008,895427.3549604401,180864.0,964800.0,1.64,4.914969876352531,3.2594829164090138,6.114512803848879,0.09198946071088003,0.8061049011177988,0.08371852005943607,0.0003897335892132473
resource_adaptive,67,0.9,48,1.7221434472323294,0.7376204734672119,8.622740113277649,1.9714247445049278,1.447086747399397,909856.9588285232,181152.0,964800.0,1.6633333333333333,4.993631610582445,3.2926710053056034,5.986512183980582,0.08645145019071225,0.8187772925764192,0.08157365864881594,0.00027979000830402373
resource_adaptive,71,0.9,48,1.7357762653104285,0.7889825890002354,8.620469213775971,1.9727387545462935,1.4336254014037748,950181.6208452778,193632.0,964800.0,1.6433333333333333,4.941024541575065,3.3854177279441395,6.44577609832906,0.09483087196847939,0.8187772925764192,0.08966147533407601,0.00035494817345594406
resource_adaptive,73,0.9,48,1.7307826640410187,0.7696322094731922,8.633125542130712,1.9682494674673596,1.4392825235878643,951968.8100582793,193104.0,964800.0,1.66,5.0010739850927814,3.389528263134044,5.952791078739714,0.08808365433239763,0.8180628272251309,0.0963258607980079,0.0002648693173802513
resource_adaptive,79,0.9,48,1.733693867150726,0.7847809461056738,8.62134096541314,1.9717517961056814,1.4335997938103684,936595.0908728755,187488.0,964800.0,1.6633333333333333,5.018273455818278,3.354168709007615,6.0750599020844405,0.09648819667426313,0.8138020833333334,0.0801860564652006,0.00039439524151478297
resource_adaptive,83,0.9,48,1.7259498680459477,0.756661450691516,8.623400484780618,1.9693923532368895,1.4417040839082482,894451.0130776411,179424.0,964800.0,1.6433333333333333,4.93866203991943,3.257237330078576,6.4460360366703,0.0938333432921196,0.8230904302019315,0.08877834463088952,0.00039776016565136127
resource_adaptive,89,0.9,48,1.7238175928592236,0.7510859200422827,8.624025179546143,1.9681578401156397,1.4431772387130153,903336.7224228518,183408.0,964800.0,1.6433333333333333,4.922355672592193,3.277674461572561,5.990835387567068,0.08879691405715817,0.8267195767195767,0.07351083711930646,0.00035558645070490555
resource_adaptive,97,0.9,48,1.725540022359398,0.7477591740062512,8.626770638069079,1.96829780452128,1.4451899970723894,905357.6810072645,180240.0,964800.0,1.6633333333333333,4.990366664522868,3.2823226663167104,6.355756215160298,0.08953779318345896,0.8180628272251309,0.08694457573571054,0.0003584751016177263
utility_adaptive,53,0.9,48,1.7422457774405449,0.7931590906018504,8.662072458228486,1.971747877077653,1.4333363237298256,1018048.4539669243,206496.0,964800.0,1.6233333333333333,5.1008855881784205,3.541511444123925,6.576676188712414,0.11399758714258604,0.5570409982174688,0.029981946171923263,0.00481433580127417
utility_adaptive,59,0.9,48,1.7331918322829172,0.7827068823332551,8.63034284678081,1.9713008877327323,1.4354750912091836,1069456.3185880268,212736.0,964800.0,1.5966666666666667,5.251806164810867,3.659749532752459,5.813986659646264,0.10206645583174992,0.605229180116204,0.023584712921506438,0.0037576572516117694
utility_adaptive,61,0.9,48,1.7481218270671002,0.8235835993149407,8.621063079203767,1.9739208352557722,1.4257341807007675,1050054.338684626,207312.0,964800.0,1.6366666666666667,5.323309944082519,3.6151249789746394,6.116891862750276,0.09785504075234912,0.5671506352087115,0.03314495278202516,0.004437823588997214
utility_adaptive,67,0.9,48,1.7485667136664855,0.8086376331403902,8.652012937722064,1.9647026531505558,1.430370343149704,990039.9874368153,204960.0,964800.0,1.5866666666666667,4.9990676310665325,3.477091971104674,5.978237482270903,0.11020737966207202,0.5762138905961893,0.028263117726088395,0.005021454438762581
utility_adaptive,71,0.9,48,1.7319999329516083,0.7798792103114449,8.627869504955516,1.972474735616721,1.4354055554894072,1091152.6945496236,214752.0,964800.0,1.6866666666666668,5.396836690232507,3.7096511974641353,6.346490988786894,0.12692137005745183,0.6229235880398671,0.03164920218623287,0.003913958106521337
utility_adaptive,73,0.9,48,1.7430324199332805,0.8060116303154038,8.625854549575257,1.9730274114875537,1.4312929655937958,1056875.772864033,212016.0,964800.0,1.5866666666666667,5.140503793348753,3.630814277587273,5.848446295107324,0.11404614759711358,0.556049822064057,0.038085680262817515,0.004242845266853387
utility_adaptive,79,0.9,48,1.7491505381537438,0.8100823930159797,8.636373839697692,1.966981402890206,1.4319301420671569,1052460.4696827848,213504.0,964800.0,1.6,5.083102401175317,3.6206590802704035,6.043164607577463,0.11025594011659957,0.5647590361445783,0.031100530169135436,0.005910879140164622
utility_adaptive,83,0.9,48,1.7499001128938467,0.822452092463824,8.637466525410238,1.9690945148727106,1.424524801065177,1092717.4051770887,217152.0,964800.0,1.65,5.277713134903202,3.713250031907303,6.328605057129811,0.121383359537284,0.5772783251231527,0.043211112587019804,0.005280729646068176
utility_adaptive,89,0.9,48,1.7396226483265187,0.7966129785264602,8.634351501897827,1.9713967260649932,1.432845261499862,1090060.3373603134,215376.0,964800.0,1.67,5.340846561295039,3.707138775928721,5.846357994845298,0.12398772916690247,0.6147540983606558,0.028523025901050946,0.004291156220385627
utility_adaptive,97,0.9,48,1.7366046079511892,0.7796648810657918,8.634655166627326,1.966538307001318,1.4373961985899106,1085455.3716017327,215568.0,964800.0,1.6466666666666667,5.2412848789187345,3.696547354683985,6.3109994108698775,0.1065142930906131,0.5907372400756143,0.037063676026046634,0.005539303750426914
proposed_fixed_comp,53,0.9,48,1.728675879077158,0.7836669076880766,8.616137013859596,1.9767974128481194,1.4313483513200889,2402141.5773592787,504000.0,964800.0,1.4666666666666666,4.766153923331898,6.724925627926292,6.52559290680115,0.15533334409047755,0.6813226744186046,0.026280182741089994,0.002796090660401875
proposed_fixed_comp,59,0.9,48,1.7325523227041781,0.7934347215645252,8.61151914588908,1.97451599056093,1.4294609425150102,2365904.505222605,504000.0,964800.0,1.4466666666666668,4.694254970679773,6.641580362011942,5.698533179049246,0.1442785722723116,0.67012151536812,0.02837563163853756,0.002282033494157079
proposed_fixed_comp,61,0.9,48,1.7412379626949874,0.8151815960414341,8.613457828151606,1.9741315518423892,1.4246325111506317,2366621.4948363607,504000.0,964800.0,1.43,4.695677569119765,6.643229438123586,6.089532685384214,0.13995766909650273,0.6667852062588905,0.025183294682105766,0.0027154523088677492
proposed_fixed_comp,67,0.9,48,1.7317543764535808,0.7895778022540619,8.612916140458116,1.9743850253273132,1.430850078465632,2359499.505247074,504000.0,964800.0,1.4333333333333333,4.68154663739499,6.626848862068221,5.934010507012579,0.13995766909650276,0.6965081723625557,0.03088150222374568,0.0022451626809964265
proposed_fixed_comp,71,0.9,48,1.7393361151690325,0.8107244849385804,8.613439658301655,1.9747790071905693,1.4253278459635685,2353498.643904662,504000.0,964800.0,1.44,4.669640166477511,6.613046880980678,6.223320008038946,0.1332238004541457,0.67012151536812,0.03368303448801892,0.002369164870924438
proposed_fixed_comp,73,0.9,48,1.7342426157215838,0.7978975302131566,8.616440231542857,1.974672923470872,1.4280870131156016,2370251.1317273346,504000.0,964800.0,1.45,4.7028792296177295,6.651577602972823,5.722308466631723,0.1553333440904775,0.6537656903765691,0.022446460549311566,0.0026628344359083396
proposed_fixed_comp,79,0.9,48,1.7420078509713064,0.8222513393301178,8.61343730729122,1.9758917669795055,1.4212215326104578,2395100.109435331,504000.0,964800.0,1.4566666666666668,4.752182756816135,6.708730251701213,6.000772959000226,0.13322380045414572,0.6672597864768683,0.03378987351392078,0.0032973700352392004
proposed_fixed_comp,83,0.9,48,1.7409392814373827,0.8171456744311045,8.61358051034556,1.9740538176800904,1.4229829128180456,2375285.083977704,504000.0,964800.0,1.4566666666666668,4.712867230114494,6.663155693148673,6.218520272289962,0.13995766909650276,0.6888317413666422,0.028482763403870057,0.0027191375320027708
proposed_fixed_comp,89,0.9,48,1.738203586540315,0.8082436498701844,8.613366696172438,1.9738446582602318,1.4258533503968125,2377892.21679528,504000.0,964800.0,1.45,4.71804011268905,6.6691520986290955,5.744608753490271,0.1442785722723116,0.6793478260869565,0.02598086837834153,0.002144239207498704
proposed_fixed_comp,97,0.9,48,1.7405038812390616,0.8098032518812134,8.615558466765261,1.9726083539804615,1.4268459448684632,2362777.0060510775,504000.0,964800.0,1.44,4.688049615180711,6.634387113917433,6.303254538192295,0.14442020693135033,0.6778741865509761,0.028306268006462187,0.0025569388006494854
fedcg_adapted,53,0.9,48,1.7359952872043618,0.7927054533864024,8.62635456082896,1.9745789615007883,1.4319507684395427,984054.7549692956,201024.0,964800.0,1.6666666666666667,5.0093313441633445,3.4633259364293814,6.5694567521526865,0.09947383171717147,0.8303808680248007,0.08368280409425817,0.0002721280146426833
fedcg_adapted,59,0.9,48,1.7405149249524785,0.7959912279592225,8.631474707456569,1.9689351191665612,1.4333527808947906,995284.3284106562,202896.0,964800.0,1.6833333333333333,5.053712046779903,3.4891539553445092,5.905245247370553,0.09610022289913059,0.8116883116883117,0.09471086707331458,0.00023598119720259346
fedcg_adapted,61,0.9,48,1.7345840882179242,0.7888384232691033,8.61584039700198,1.974613271001517,1.4328332613105879,983848.5571651259,202560.0,964800.0,1.6633333333333333,4.973139041101288,3.4628516814797905,6.116891862750276,0.09829799651649299,0.8054123711340206,0.09113419410997581,0.00034636512636356263
fedcg_adapted,67,0.9,48,1.7349634629014763,0.7813629870919135,8.63140313421479,1.9725170527398124,1.4367439376460747,989526.6244676689,200976.0,964800.0,1.6866666666666668,5.0681753082037915,3.4759112362756395,5.9827868856902615,0.09742929431194905,0.8202099737532809,0.09905761798890661,0.00021019074069360684
fedcg_adapted,71,0.9,48,1.7330168649649316,0.7789187274351583,8.626588799993977,1.9711398325535037,1.4366146501792414,965326.6462538181,199872.0,964800.0,1.66,4.994759626410325,3.4202512863837815,6.44577609832906,0.09268757866733972,0.8289124668435013,0.09117784856610565,0.00023747070217749891
fedcg_adapted,73,0.9,48,1.7423480532518238,0.8050747934593947,8.625607474564712,1.9730391084154715,1.4308899614036463,991816.8115163045,201408.0,964800.0,1.68,5.071619793511767,3.481178666487501,5.944764556921838,0.09184498486335066,0.8223684210526315,0.09500124217706019,0.0002695684121288872
fedcg_adapted,79,0.9,48,1.7392361139752814,0.8000555857190939,8.632387944216545,1.9725336706508196,1.4303824752715288,1006853.7439831081,203520.0,964800.0,1.6933333333333334,5.1188148642943405,3.5157636111611508,6.0774389609858375,0.09947383171717146,0.81028522039758,0.08775132201908378,0.00034861809507030935
fedcg_adapted,83,0.9,48,1.730126177376439,0.7715141612094774,8.615739105940552,1.9739921800070366,1.4375957831056434,942046.4171857806,191424.0,964800.0,1.67,5.0421918450158785,3.3667067595272973,6.440976362580076,0.09613359481436609,0.8281802120141343,0.09557240760978392,0.0002654798076076563
fedcg_adapted,89,0.9,48,1.7372505428581166,0.7991432212902564,8.608761867657833,1.9771866720478584,1.4294871464708059,950232.2411666219,195216.0,964800.0,1.6666666666666667,5.007836679076338,3.3855341546832314,5.990835387567068,0.09684823514533981,0.819493006993007,0.08261885833850666,0.0002851320330925493
fedcg_adapted,97,0.9,48,1.7341806196489316,0.7891490355313485,8.62134635355386,1.974867270288087,1.4321370722282045,992813.0340977282,200208.0,964800.0,1.71,5.098847535948162,3.4834699784247762,6.359327337386126,0.0958463289890719,0.8138020833333334,0.09006369179405706,0.00023875619862549465
proposed,53,0.9,48,1.7278165444687077,0.7617279108373487,8.63102987900444,1.969022643518333,1.441457702225817,975680.8531439083,202800.0,964800.0,1.5533333333333332,4.999802207448766,3.444065962230987,6.568909526159513,0.09898243858411264,0.67012151536812,0.011861592266083743,0.003468197386644947
proposed,59,0.9,48,1.7302754522481512,0.7759050775093703,8.624843139121431,1.970421712562984,1.4356672800566093,978462.5296820842,203136.0,964800.0,1.53,4.917791144233355,3.450463818268793,5.830039703282016,0.09499798928548836,0.6560531840447865,0.008978433131659646,0.0038089590061916798
proposed,61,0.9,48,1.7376010199844358,0.7930034749608621,8.620513981856071,1.9715139124043861,1.4337444129263002,942048.9405454798,198288.0,964800.0,1.5133333333333334,4.892954053408657,3.366712563254601,6.1100369920686015,0.09136704875980263,0.6592827004219409,0.013452832737453544,0.003768403071264314
proposed,67,0.9,48,1.7340890108625344,0.7737654528489909,8.644100175169841,1.9663157167540544,1.439813639497271,950190.2135986068,200640.0,964800.0,1.55,4.87739229959129,3.385437491276794,5.970941061754755,0.09289801605174891,0.673007896625987,0.014314491666440311,0.003715678214381216
proposed,71,0.9,48,1.7387857262143187,0.7916360354376674,8.637191995003072,1.969974875423268,1.4344941431414824,1005652.2176011032,212784.0,964800.0,1.52,4.852990486833012,3.513000100482536,6.346490988786894,0.09439448899295705,0.6828113619810634,0.011056013582456805,0.003385464860674248
proposed,73,0.9,48,1.735434576375389,0.7812804820840736,8.634274015461223,1.9694294349931518,1.437384235268371,965651.9353626965,199104.0,964800.0,1.5333333333333334,4.9361379227456235,3.4209994513342004,5.8695590128333,0.0986765345322245,0.6616090331686661,0.009629082972560123,0.0034172077969805074
proposed,79,0.9,48,1.735459453245102,0.7770521144261826,8.647110272247296,1.9677354823943993,1.4380952091474686,1017063.0795192361,213120.0,964800.0,1.5466666666666666,4.953288543586105,3.539245082894241,6.043164607577463,0.10262696470104396,0.6394952251023193,0.013393132366210557,0.004009138180149369
proposed,83,0.9,48,1.7305346100594026,0.7707161785751491,8.623203767696607,1.967519140519906,1.4385279654539278,1036623.4883866224,213888.0,964800.0,1.58,4.997732760257022,3.5842340232892296,6.328605057129811,0.1023596745321954,0.6565126050420168,0.014140917370440778,0.004238632411329419
proposed,89,0.9,48,1.7332676058970442,0.7774925685995694,8.636200701098058,1.9694645572479705,1.4365898639781103,1035474.4957452724,210624.0,964800.0,1.5566666666666666,5.105592044782368,3.5815913402141253,5.86241103848105,0.09502792340313765,0.6658380681818182,0.009214782477297656,0.003551190272985731
proposed,97,0.9,48,1.744759924974715,0.7873218000601516,8.660541329175603,1.966015899838543,1.438309298203205,1015913.3993029813,210288.0,964800.0,1.5766666666666667,5.005241743452039,3.5366008183968556,6.332888672418322,0.09811426639588437,0.6620762711864406,0.011602707044816783,0.004182998913279753
