method,correlation,n,accuracy_mean,accuracy_sd,accuracy_ci95,macro_f1_mean,macro_f1_sd,macro_f1_ci95,worst_client_accuracy_mean,worst_client_accuracy_sd,worst_client_accuracy_ci95,p10_client_accuracy_mean,p10_client_accuracy_sd,p10_client_accuracy_ci95,client_accuracy_sd_mean,client_accuracy_sd_sd,client_accuracy_sd_ci95,effective_bits_mean,effective_bits_sd,effective_bits_ci95,compressed_bits_mean,compressed_bits_sd,compressed_bits_ci95,raw_selected_bits_mean,raw_selected_bits_sd,raw_selected_bits_ci95,mean_selected_hops_mean,mean_selected_hops_sd,mean_selected_hops_ci95,mean_selected_etx_mean,mean_selected_etx_sd,mean_selected_etx_ci95,energy_j_mean,energy_j_sd,energy_j_ci95,min_residual_energy_j_mean,min_residual_energy_j_sd,min_residual_energy_j_ci95,max_relay_energy_j_mean,max_relay_energy_j_sd,max_relay_energy_j_ci95,participation_jain_mean,participation_jain_sd,participation_jain_ci95,utility_target_js_mean,utility_target_js_sd,utility_target_js_ci95,class_coverage_js_mean,class_coverage_js_sd,class_coverage_js_ci95
random,0.0,10,0.834219596258001,0.03507472804103077,0.021739541668444072,0.8205423725724966,0.04402544944337239,0.027287256269715187,0.49142857142857144,0.05626754646405336,0.0348749866144494,0.6587297119282653,0.05302133058878569,0.03286296116973059,0.12536914138000582,0.013565998662939166,0.008408293083898578,39422240.65611319,3062238.7826090064,1897995.2612997524,16204800.0,0.0,0.0,32390400.0,0.0,0.0,1.263,0.07211872926716828,0.04469965150249435,2.4327508303782333,0.18897109391100192,0.11712549746369907,66.77128816328059,6.385654602737951,3.9578697275747627,4.493781634551581,0.997020628776794,0.6179597879771457,3.8103896430467636,1.0244237147264943,0.6349443966147543,0.8965639186485401,0.025193045624870437,0.01561481145274158,0.06850894569308116,0.017382440293281343,0.010773748113256239,3.591313293471036e-05,1.223519525596996e-05,7.58345258664738e-06
resource,0.0,10,0.8584441161989169,0.028756865501215596,0.017823689896788324,0.8487113240179989,0.0366935465668797,0.022742895785835195,0.5216666666666667,0.03689323936863109,0.022866666666666664,0.704837390761548,0.035627716153475646,0.022082287251491403,0.11214018834805209,0.007078240710202906,0.004387139044349126,28831182.10566631,1430186.3143911024,886438.6614479965,16204800.0,0.0,0.0,32390400.0,0.0,0.0,1.0334999999999999,0.009442810316143515,0.005852714469941837,1.7791754360230485,0.08825695561753874,0.054702227824347714,44.83248270821587,2.322212462105447,1.4393221958518103,6.700413432411085,0.28747820183174794,0.17818083550583094,0.5740238220453866,0.16896543117633156,0.10472585923652768,0.6721981102593442,0.05874106236706712,0.036408087654555034,0.168358961625337,0.034658074051741095,0.02148129685038332,8.695160148843312e-05,4.9855866724840495e-05,3.090098634016985e-05
utility,0.0,10,0.7720334810438207,0.04658889966330747,0.02887609917695225,0.7268970643676684,0.06829243477208956,0.04232808960430386,0.5096620583717357,0.09466067130322778,0.05867129192711287,0.6073684640522876,0.08711409701299176,0.05399387672250525,0.11960555337402201,0.022375681619179584,0.013868591150612876,41117613.2117679,3969529.877492421,2460340.1079811803,16204800.0,0.0,0.0,32390400.0,0.0,0.0,1.283,0.10713957666935636,0.06640579760499496,2.5373724582696418,0.244960127708608,0.15182786013904515,70.07909272120133,8.827683571515864,5.471454963651045,3.5831741733809657,1.0984793980240113,0.6808445846632019,4.109733692293711,1.0665350632309276,0.6610452808313206,0.569967983829881,0.08305440310433797,0.05147765236903158,0.07894692743589891,0.021365240321784322,0.013242313146046618,7.143864987566256e-05,5.685264959781692e-05,3.523763729393322e-05
random_adaptive,0.0,10,0.8801575578532743,0.006407937864920596,0.0039716810365651506,0.8756279130367677,0.006311311295839783,0.003911791268571688,0.5516666666666666,0.04263685300966643,0.02642659528338081,0.7349732477260568,0.022570625510140704,0.013989418626041916,0.10579179736719888,0.008549804960242064,0.005299224016015774,12409713.027666036,931043.8906675185,577066.9820344523,5376912.0,188470.9974080893,116815.53443987764,32390400.0,0.0,0.0,1.2625,0.07219764539096829,0.04474856422277704,2.4131979642361086,0.1804989905405341,0.1118744333919778,21.349870735343025,1.8544252823042862,1.1493846979657276,7.275274712193243,0.5566322442041386,0.3450042393121229,1.5418257258914063,0.5134914520558591,0.3182652993146385,0.8965639186485401,0.025193045624870437,0.01561481145274158,0.05190060108988008,0.014936324560615404,0.009257629874679442,1.9701616655291188e-05,1.4946724016718255e-05,9.264075524350982e-06
resource_adaptive,0.0,10,0.8806991629739045,0.004918482948088912,0.0030485073147374924,0.8761109837641976,0.00583142078432471,0.003614352047969073,0.5566666666666666,0.03063121944908939,0.018985426509643827,0.7241595226588884,0.024938056537065805,0.015456767578735124,0.10740311871832282,0.005460388221439264,0.0033843836829467707,8754100.363300486,519093.990109145,321737.7883761637,4958539.2,97297.1733525697,60305.41282731081,32390400.0,0.0,0.0,1.0314999999999999,0.008514693182963193,0.005277461510991809,1.7735434226497595,0.08979492097969859,0.055655468631694405,14.152596645849428,0.8054116708589886,0.49919932546326834,8.00152962460248,0.10441577383419229,0.0647175671171518,0.17473924719938339,0.06998572459821928,0.043377601511818506,0.6700484450761874,0.06184622063239458,0.03833268468684655,0.15738039384489758,0.03225008763221696,0.01998881140493512,8.410737185014734e-05,5.4658586356868e-05,3.387774280825073e-05
utility_adaptive,0.0,10,0.8795667159034958,0.01931383965443025,0.011970841839570673,0.8737335291725821,0.024038854032254055,0.01489943609212013,0.5766666666666667,0.04245549594342843,0.0263141890091615,0.7487556050328794,0.018696114942859696,0.011587972096686104,0.09774451747562542,0.004869020524180593,0.003017850186781454,12792875.359998722,1021049.9556973439,632853.3191042542,5446512.0,212813.8461660801,131903.388415079,32390400.0,0.0,0.0,1.284,0.08900062421753627,0.05516315839801453,2.4731550035344045,0.1797425690024149,0.11140559846537156,22.060922995043942,2.1110915512923007,1.3084680996394826,6.778815647585529,1.0235418306965565,0.6343977992300749,2.2523144041214644,0.8690143457422995,0.5386206717737159,0.6328522594650441,0.05124987930879153,0.03176500429120536,0.06332132437527274,0.01704938933130355,0.010567320988371286,2.222209092784659e-05,1.4849394375132435e-05,9.203749987504212e-06
proposed_fixed_comp,0.0,10,0.8068439192516003,0.05706992419633508,0.035372305485300355,0.7678187530284684,0.08821081300149851,0.05467362833462611,0.5121033868092691,0.09307558742180705,0.05768884675896176,0.6629525199323746,0.07993803023115019,0.04954610445077483,0.11280271759996326,0.021368698461147768,0.013244456523030152,30722731.94788021,1395580.8571611126,864989.9768416078,16204800.0,0.0,0.0,32390400.0,0.0,0.0,1.045,0.012909944487358077,0.008001666493091726,1.8959031859621962,0.08612144902504931,0.053378627125395685,48.00760275666541,2.244962591980075,1.391442230296329,5.6196604351961295,0.34991185220010196,0.21687761291514235,0.5816325654605429,0.22926892140049576,0.14210234970987481,0.6602772052221586,0.04820568616262325,0.029878193831249688,0.09946775532029169,0.03145194748183477,0.019494119014556655,9.580942743911414e-05,4.6086748803689335e-05,2.8564862849652916e-05
fedcg_adapted,0.0,10,0.8778434268833086,0.004770583227361681,0.0029568381181085232,0.872756686648227,0.00550666250446948,0.003413064780714256,0.5516666666666666,0.03088209357708289,0.01914091990513557,0.7254158166347364,0.03323782832502112,0.020601019429006304,0.10753315147044769,0.0058447884702084694,0.003622637425518992,9262257.47258756,562852.4630883657,348859.5709190369,4958539.2,97297.1733525697,60305.41282731081,32390400.0,0.0,0.0,1.089,0.02705960499013654,0.016771716933244755,1.877742304967483,0.10137369420953117,0.06283206663139804,15.290048987508886,0.9629705628531009,0.5968553384687857,8.021980296906852,0.12042226953997717,0.0746384959395968,0.6537821857136125,0.15649804937909595,0.09699849594064283,0.6994919417320944,0.05947704672684812,0.03686425548679211,0.13178985329886278,0.030257481627292738,0.018753781407776827,9.10961728852793e-05,5.3957327314482164e-05,3.3443097950720083e-05
proposed,0.0,10,0.8843919251600196,0.006452341966351236,0.003999202983768047,0.8800149418080929,0.006314980499832049,0.003914065464767496,0.5716666666666667,0.044479153113884645,0.027568464718108254,0.7509074198726247,0.01627516992325133,0.01008745482769343,0.09940217717706877,0.006772881243199112,0.00419787528586703,11220302.197302895,647795.7461357481,401507.96320600784,5033798.4,75756.74687841341,46954.51817908491,32390400.0,0.0,0.0,1.204,0.060037025612903604,0.037211333996213805,2.2604892759900315,0.13406159411523008,0.08309223689480194,19.12427499542219,1.350941388615256,0.837322147589315,7.406425599877219,0.619630697743051,0.3840510853533695,1.2841565203664176,0.4762453681308424,0.2951799373261704,0.8021105484276729,0.039971922154372244,0.024774854026701126,0.03066680916491974,0.005860391485393599,0.0036323082745238276,7.506829306864655e-05,3.566819854268103e-05,2.210737849627423e-05
random,0.5,10,0.81698670605613,0.05327296991599626,0.033018928840610716,0.7976812914787262,0.0693916491566785,0.04300938973835965,0.4738235294117647,0.09588792715158932,0.059431952982619475,0.6479749650494486,0.07668080574716436,0.04752725579968191,0.12735074439592178,0.016568174027393513,0.01026906065293526,39641601.75100595,3345663.470922098,2073663.7030975164,16204800.0,0.0,0.0,32390400.0,0.0,0.0,1.264,0.07629620640052238,0.047288878654969654,2.4462876278020054,0.20646126276918564,0.12796601643324923,67.21807507544248,7.010858774025635,4.345375287620561,3.9086497560045546,0.908867146254332,0.5633216934415679,3.511290986554458,0.9036371960514028,0.5600801367222268,0.8964432806015274,0.022521638179709175,0.013959055964073553,0.06698235869845974,0.006684641738642859,0.0041431838743225275,4.615008673856758e-05,3.33752950321231e-05,2.0686222176795866e-05
resource,0.5,10,0.8678483505662236,0.010902002061995394,0.006757130884064497,0.8609799054201058,0.013483924294955686,0.008357422863590647,0.5433333333333333,0.043885372573625556,0.02720043572635747,0.7124593437350777,0.028613095305613585,0.017734580206349267,0.11023939651305585,0.008939123113614101,0.005540525907440629,28748792.64644848,1430676.0358933168,886742.1939797633,16204800.0,0.0,0.0,32390400.0,0.0,0.0,1.0325,0.009204467514322695,0.005704988070880493,1.7740911733837177,0.08828717638559629,0.05472095885044921,44.68023743719675,2.30625447381328,1.4294313322358108,5.969242989900449,0.33593602473329465,0.20821530530693447,0.5149275799393916,0.1663950314095603,0.10313270895553578,0.6669709350562059,0.055539468674193876,0.03442371932502086,0.16833043466746728,0.03273225595375728,0.020287662426818093,8.146969371276162e-05,4.85118140982646e-05,3.006793389152798e-05
utility,0.5,10,0.7747907434761201,0.05401569147522445,0.033479272432327366,0.7271234874731407,0.07409193164147845,0.045922655004799716,0.506441303794245,0.10760078839402418,0.06669165959356582,0.6173456533815653,0.08708962172666046,0.053978706782871685,0.11839910185501197,0.021883408032555073,0.013563476820540842,41383626.53010833,4244724.720768346,2630907.6389778396,16204800.0,0.0,0.0,32390400.0,0.0,0.0,1.2885,0.10990020725892903,0.06811685417150606,2.5537881695613844,0.26194243191945404,0.16235360133897694,70.75107852828287,9.319269796482999,5.7761432625540206,3.0376267276086066,1.1097695553939642,0.6878422966996361,4.010558507264083,1.3526188050975334,0.838361821096381,0.6380380264609908,0.08443412881271073,0.05233281522284202,0.06649747485393846,0.018029627112772992,0.011174878659818078,5.365106267108361e-05,3.109556870181368e-05,1.9273233158251386e-05
random_adaptive,0.5,10,0.8776957163958642,0.005676844837919045,0.0035185448837939414,0.8735608887558491,0.006419664897949958,0.003978949526940637,0.5633333333333334,0.03583225665910467,0.022209062770315244,0.7277645354021758,0.022650101146541306,0.014038678135827307,0.10541208002797649,0.0061203236407501044,0.0037934158935403134,12396527.376427727,1022676.887464065,633861.7018604362,5341324.8,158899.63737655288,98487.01560300699,32390400.0,0.0,0.0,1.2635,0.07612307286376598,0.047181569377129556,2.419827533751326,0.195356591480545,0.12108326986109126,21.34128970799285,2.0550109727446606,1.2737089969402209,6.362255961639488,0.665974587010231,0.41277532551349394,1.559483875850958,0.5257535150051459,0.32586540467013164,0.8964432806015274,0.022521638179709175,0.013959055964073553,0.05140712719815649,0.009396461971761184,0.005823987468472734,2.5027798336915875e-05,2.1354135355956843e-05,1.3235430216917397e-05
resource_adaptive,0.5,10,0.8780896110290497,0.005872751907644281,0.003639969343605929,0.8734297597099326,0.007373123890217863,0.004569909532883185,0.5483333333333333,0.03722636792833545,0.023073141887120827,0.7266400107584413,0.019792917324144187,0.012267777255605369,0.1086729544160114,0.005365847131616142,0.003325786508388907,8816025.51386347,531622.8510856588,329503.25686214713,4996574.4,108488.38681444203,67241.7987941591,32390400.0,0.0,0.0,1.0310000000000001,0.009660917830792983,0.005987898908075645,1.7763808505148624,0.0899087208694673,0.05572600253412687,14.243731473289845,0.8292676117629448,0.5139853908239124,7.140329563119275,0.2229535513588773,0.13818804280460667,0.15292108034410595,0.054468957549357336,0.03376020965567453,0.6707509559650247,0.06537464584124121,0.040519625288694634,0.15502029195971628,0.03170955915186831,0.019653788381869222,7.378416913595795e-05,5.444065239308116e-05,3.3742665938056025e-05
utility_adaptive,0.5,10,0.8835548990645001,0.008359795609200756,0.005181455000115654,0.8792921926639196,0.00848400461213849,0.005258440537731285,0.5707142857142857,0.04672507412813993,0.028960500984685167,0.7604301765650081,0.019780554954334315,0.012260114979413574,0.09921099201780952,0.007438753729525788,0.004610587328721228,12677797.330268307,1081240.6748801726,670159.9133620345,5395531.2,220171.80834611863,136463.90062263375,32390400.0,0.0,0.0,1.279,0.08815390581880711,0.054638356897370594,2.4627027193784015,0.18564108943456245,0.11506153930593443,21.86674616053101,2.1857868705053867,1.3547647381357535,6.087872930904307,1.103347588371283,0.6838619203010043,2.083239606971133,0.7348294423175855,0.45545200697707827,0.6671635646650227,0.042629067270562676,0.026421769632289014,0.05434165467613452,0.015310747503048974,0.009489699618716629,2.6494440180240853e-05,1.9742434886121192e-05,1.223648791635114e-05
proposed_fixed_comp,0.5,10,0.795371738060069,0.034710470728591125,0.021513772647154622,0.7568456386615144,0.05880110907776631,0.03644530499142992,0.5117352092352092,0.06192866260833695,0.03838378275292796,0.6538963940023713,0.043870253567079846,0.027191064869015354,0.11468152572916675,0.01641464416428801,0.01017390185790688,30965332.183051027,1463135.5811410514,906860.8285598058,16204800.0,0.0,0.0,32390400.0,0.0,0.0,1.0554999999999999,0.023973364849812464,0.014858845476311052,1.910874073302417,0.09029025851235828,0.05596248201519385,48.67367662924615,2.593542671309131,1.6074944018341601,4.4494616659796975,0.5255314693924416,0.3257277793735353,0.7409191982764153,0.3368960276918579,0.20881032130520824,0.6861644336175244,0.04261750432418947,0.026414602843876676,0.10403088888072107,0.03097746717819727,0.019200033075537637,9.337434563375154e-05,4.132685003479268e-05,2.5614647027510125e-05
fedcg_adapted,0.5,10,0.8778926637124569,0.005323247904226755,0.0032993832337065844,0.8727111047106539,0.006698553615331136,0.0041518065448275495,0.5383333333333333,0.03429177636002437,0.021254263188915858,0.7368832961468881,0.03211222906027566,0.019903365776801827,0.1084384049352071,0.007341292504896976,0.004550180235859465,9266650.78450124,564963.7612842829,350168.1670983418,4986052.8,114965.93209468621,71256.62295371837,32390400.0,0.0,0.0,1.085,0.02236067977499795,0.013859292911256363,1.8714051465622734,0.1009633656544325,0.06257774235806696,15.269457316215437,0.9287466931521668,0.5756431642632294,7.129982747362436,0.2578998246111917,0.1598479673701457,0.6445288810111189,0.1622922291959508,0.10058976579783518,0.6996001376896661,0.06309329653209739,0.0391056303374468,0.1296774664968437,0.029052999268781552,0.018007235507517007,7.987241151237474e-05,4.8202670825769374e-05,2.9876324906104994e-05
proposed,0.5,10,0.8834071885770556,0.0015878400292070436,0.000984153446247378,0.879281618567776,0.0021312981724580238,0.0013209922931926535,0.5683333333333334,0.05058302062262237,0.031351680995356006,0.7404525147137507,0.01962354368114109,0.012162798384057323,0.10108823970008218,0.007358767147304571,0.004561011131435238,11229701.694441322,620031.3851136579,384299.4339586427,5056454.4,87725.57005571408,54372.87164089327,32390400.0,0.0,0.0,1.2025000000000001,0.057020951315186634,0.035341951779090434,2.256308610824317,0.12825842874894722,0.07949539773637433,19.14059391580336,1.2895616342322416,0.7992785816791975,6.45754887422172,0.6901042306173386,0.42773103356710385,1.266475092269344,0.467865104811376,0.2899857963078009,0.8080978806128911,0.041150321910753254,0.02550523376267403,0.02757809774085775,0.004981663926756646,0.003087667291025648,5.587361251395439e-05,2.8882410510432168e-05,1.7901503499674598e-05
random,0.9,10,0.8276218611521419,0.03055809844899277,0.01894010564424526,0.8128758810025906,0.039881315354020626,0.02471869535002132,0.5132683982683982,0.056200511269373914,0.03483343777032774,0.6633992855569194,0.03829751121823425,0.023737043376432128,0.1228966817300274,0.010812667583095159,0.006701760800390333,39653149.58782039,3272490.5893648234,2028310.6812364883,16204800.0,0.0,0.0,32390400.0,0.0,0.0,1.263,0.0768909762080195,0.04765752080090705,2.4470002460888365,0.20194575615649857,0.12516727643886325,67.30350118438369,6.967029104110807,4.318209376759815,3.260885183227331,0.9745931528171128,0.604059094361698,3.342075749405685,0.9178295357357531,0.5688766399931778,0.8932788984582608,0.01849728905560296,0.011464738535025217,0.07312514713062343,0.014205353768858186,0.00880456948409759,3.2643444388463994e-05,1.9982769684515094e-05,1.2385448967679875e-05
resource,0.9,10,0.86410635155096,0.018408107523794445,0.011409463248940635,0.8565429468633268,0.022565896804555913,0.013986487743955587,0.5466666666666666,0.036683497820487056,0.022736667508294083,0.7075786444939218,0.02631887075443172,0.01631260509740927,0.1104005777461555,0.0075465798810127795,0.00467741866980696,28784585.962949634,1449053.0006692489,898132.3547535989,16204800.0,0.0,0.0,32390400.0,0.0,0.0,1.0325,0.008249579113843065,0.005113142108549525,1.776299982903191,0.08942122091412698,0.05542384693137813,44.73015915252952,2.318216289635098,1.4368453424936938,5.069325976954498,0.30543422236243245,0.18931009233341378,0.4591172330146306,0.14140126877204856,0.08764141437803351,0.665772422163019,0.05661449176383257,0.035090025539124665,0.17158181542661233,0.03343712235828934,0.020724543150571262,8.055999442529572e-05,5.136936619992561e-05,3.183906303360254e-05
utility,0.9,10,0.79561792220581,0.05706256071882262,0.03536774155465435,0.7564076060413927,0.08193039973335162,0.05078098786202686,0.490952380952381,0.074879595970252,0.04641085441367576,0.6288827956989247,0.08160545578489457,0.050579585516180386,0.11973427482915466,0.0199312924794476,0.012353543065423677,40942040.68540186,3661824.6325189336,2269622.4212503056,16204800.0,0.0,0.0,32390400.0,0.0,0.0,1.283,0.09852241707685955,0.061064826755397136,2.52653785825199,0.22597160301385694,0.14005865060045886,69.91384488029425,8.117194114667864,5.031089035964628,2.220482353928596,0.9748234628620153,0.6042018420064399,4.045255248824152,0.943947903948316,0.5850649723276312,0.6629074709276128,0.04801912027178591,0.029762559094095795,0.05616143081244666,0.017646198440364438,0.010937227106513061,6.22857663210762e-05,4.049459383005705e-05,2.5098809287570812e-05
random_adaptive,0.9,10,0.8792220580994584,0.004671304071593347,0.0028953042598528333,0.8748987345760298,0.005343880687808954,0.0033121715654620435,0.5583333333333333,0.03535533905932738,0.021913466179497944,0.7260752803235586,0.018507740006170323,0.011471216101296531,0.10674998854768034,0.005012339421679928,0.003106680159758507,12396881.881972808,933488.6596353729,578582.2655395509,5348592.0,152792.97324157285,94702.06595885604,32390400.0,0.0,0.0,1.2625,0.07678432999859627,0.04759142079548931,2.4170760170855137,0.1881040048130226,0.11658807007285163,21.320273536229607,1.9102321171172407,1.1839741325404154,5.461049360609797,0.6196080591355511,0.38403705379906966,1.6295503000541571,0.5323809371920726,0.32997312349887126,0.8932788984582608,0.01849728905560296,0.011464738535025217,0.05347298385156085,0.011942722504336749,0.007402176097102635,2.22377019221171e-05,1.875532596779689e-05,1.1624671470159439e-05
resource_adaptive,0.9,10,0.8751354012801575,0.0075038392220158415,0.004650927734906089,0.8698190045225227,0.009221354739058753,0.0057154548812114086,0.5566666666666666,0.04097575314352395,0.025397034919770647,0.7306589530943464,0.023153398104242755,0.014350624822078228,0.10555748015111958,0.008329224234999525,0.0051625066660749225,8872414.869883165,585134.7376466506,362670.2677735038,5015995.2,138747.78305400055,85996.76689091272,32390400.0,0.0,0.0,1.0335,0.010814085465005549,0.006702639612703171,1.782742982139539,0.09409958481503033,0.05832352691877125,14.343827205359394,0.9129198755301096,0.5658336010708623,6.167713846848647,0.2565317592842438,0.15900003169561824,0.17040988148089656,0.05761339778363971,0.03570915390456926,0.6702942709455207,0.06212095682973531,0.03850296794614743,0.15529113321513902,0.03279451895816905,0.020326253436767732,7.545273175153314e-05,6.0985238239428226e-05,3.779904227097969e-05
utility_adaptive,0.9,10,0.8778926637124569,0.013250308808100705,0.008212626484701077,0.8736062558502666,0.013863144563341236,0.008592466021058388,0.5930952380952381,0.06327791265745661,0.039220056597437145,0.737131621187801,0.034264586546771024,0.02123741076806496,0.0975249241606435,0.009350214569402953,0.005795323031518356,12644972.92781148,982277.7190269962,608822.0378442035,5414145.6,207094.3447069475,128358.40468354197,32390400.0,0.0,0.0,1.2765,0.07937428914817302,0.049196694107542537,2.451334535465786,0.1659013189522028,0.1028267028041439,21.814688341030894,1.9648085432862668,1.2178009519366588,5.270336007191968,0.9175258022000802,0.5686883839973754,1.9356590179925046,0.6301645400891343,0.39058002848141343,0.7109516398475499,0.03634774700089428,0.022528566994322517,0.042101140496305735,0.012341761830271095,0.007649503233705077,3.418195928325159e-05,2.4602824694866694e-05,1.524898873028471e-05
proposed_fixed_comp,0.9,10,0.794682422451994,0.04079895167947954,0.025287452237044237,0.7569987124930375,0.06317776882004307,0.0391579868039453,0.5031818181818182,0.0826298240615401,0.05121449555191657,0.6525152444289632,0.06175972881937802,0.03827907650574096,0.11604457255707164,0.016571433274841136,0.010271080755432205,31231811.378314078,1615524.571611917,1001312.5034032455,16204800.0,0.0,0.0,32390400.0,0.0,0.0,1.0615,0.03574990287477094,0.022158019365959184,1.9273185339105736,0.09969419996617858,0.06179110531467552,49.25836042756002,3.1950078849625196,1.9802864035010446,3.6469865908188526,0.5680493041620361,0.3520806063874567,0.8068701656378708,0.5189185945090233,0.32162907705692423,0.7031917505206887,0.0466813677000317,0.028933411459887537,0.10097740472038434,0.030788881248731484,0.019083146305470373,7.818647167513074e-05,3.24601191889282e-05,2.011899031247991e-05
fedcg_adapted,0.9,10,0.8760216642048253,0.005397618195593501,0.0033454784178565625,0.8705372646672875,0.0066751576854101905,0.004137305597228086,0.5366666666666667,0.04360314860077462,0.02702551149571341,0.7194566167290886,0.019553731354844724,0.012119528255926451,0.10928416504953113,0.007988366803788186,0.004951241041430611,9311113.476471554,626957.4595425719,388592.2593647295,5007902.4,144754.13205017673,89719.54056787014,32390400.0,0.0,0.0,1.0859999999999999,0.023897931105246583,0.014812091157039402,1.8746699408509873,0.10717925948790896,0.06643039327075284,15.341271258058402,1.0411122922173122,0.6452880841074778,6.135083508835053,0.2910369900349945,0.1803865952865808,0.6434742911152924,0.21779477040793954,0.13499059724465556,0.6978616643165274,0.062183820764544935,0.038541931416616465,0.13411011069216747,0.032042412976440254,0.01986009331972413,6.962678667563181e-05,3.9153247235881686e-05,2.4267434055187287e-05
proposed,0.9,10,0.8867060561299853,0.0020161063698115023,0.0012495956742205041,0.8826666012507411,0.001761651264231951,0.0010918827658260638,0.5683333333333334,0.04743416490252569,0.029399999999999996,0.7538068658416611,0.017032084264802915,0.01055659519703156,0.10063279944920027,0.007112695069572252,0.0044084940775312295,11253027.880925816,568259.7458229775,352211.03948023677,5063731.2,106633.7767426438,66092.29956247841,32390400.0,0.0,0.0,1.2055,0.05609763314476324,0.034769673248073174,2.259489777565928,0.12354233548480617,0.07657233284737144,19.199521551518746,1.211794661225465,0.7510781124373012,5.540398369532537,0.7407124520082998,0.4590983341605003,1.2421220972369713,0.44324311853775766,0.27472493110796187,0.817237423790278,0.03409339291670247,0.02113130385684689,0.027457506262656844,0.005420737305037042,0.0033598077903465562,6.41251747947287e-05,2.9306157671514635e-05,1.8164144711160566e-05
