method,seed,correlation,accuracy,macro_f1,worst_client_accuracy,p10_client_accuracy,client_accuracy_sd,effective_bits,compressed_bits,raw_selected_bits,mean_selected_hops,mean_selected_etx,energy_j,min_residual_energy_j,max_relay_energy_j,participation_jain,utility_target_js,class_coverage_js
random,53,0.0,0.8148695224027572,0.8031931011094461,0.45714285714285713,0.6497619047619048,0.12852884806674378,39878650.02181285,16204800.0,32390400.0,1.255,2.460915902807369,66.93159477727521,5.092717600489264,3.8618866508241143,0.9170105456212746,0.06536734270636291,4.1234704265410006e-05
random,59,0.0,0.8542589857213195,0.8426135769709119,0.48333333333333334,0.7142857142857143,0.12070765412398628,37208216.79958393,16204800.0,32390400.0,1.21,2.2961231733550496,61.98722343037219,4.303899422002962,2.7172934968388716,0.9195402298850575,0.062058579258254594,4.447903831036328e-05
random,61,0.0,0.8163466272772033,0.8016461894031511,0.48333333333333334,0.6097198879551822,0.1386224606870717,41084095.638198376,16204800.0,32390400.0,1.35,2.5353040850981454,71.2456701651493,4.129448656434601,4.321780621079023,0.8760402978537013,0.06837243855212141,1.6699232310313358e-05
random,67,0.0,0.8261939931068439,0.814083574155429,0.45714285714285713,0.6463305322128852,0.14068125101253798,34506057.92312703,16204800.0,32390400.0,1.145,2.1293726502719585,55.92511508673243,5.334305126449874,2.5618610523832333,0.8960573476702509,0.06657766918064001,4.617111325214639e-05
random,71,0.0,0.7769571639586411,0.7414440404011091,0.4666666666666667,0.6164285714285714,0.1272188192690051,42893208.407730155,16204800.0,32390400.0,1.33,2.646944634165812,73.37904730139401,5.213071037542836,4.403359288557617,0.9456264775413712,0.034383947438766195,5.21996832427438e-05
random,73,0.0,0.8468734613490891,0.8327964180405525,0.48333333333333334,0.7257142857142856,0.11364766357890829,34541838.27336127,16204800.0,32390400.0,1.17,2.131580659641666,57.981976751221275,4.8583374592751625,3.1939850804017205,0.8691873098652759,0.08174989424352469,1.76507644264896e-05
random,79,0.0,0.8759231905465288,0.8704185035506783,0.5333333333333333,0.6935393258426966,0.11307319554129447,40052411.78253414,16204800.0,32390400.0,1.255,2.4716387602768375,67.67134709315964,4.7455273728644745,3.1281278400459396,0.9057971014492754,0.06052986614996339,3.547378564582087e-05
random,83,0.0,0.8754308222550468,0.8737700623207195,0.6,0.7060714285714286,0.10587388598454317,43159991.7368142,16204800.0,32390400.0,1.355,2.6634078629056916,75.56835332308624,2.130328804480037,6.006068853753677,0.8888888888888888,0.086802453623079,2.6134067414094846e-05
random,89,0.0,0.8660758247168883,0.8596739271834494,0.55,0.6657142857142857,0.11790632601029066,40369124.10651195,16204800.0,32390400.0,1.29,2.491183112812992,69.30142410468487,3.7276180090394786,4.383365982272411,0.8726003490401396,0.09804764989495049,4.455664734294971e-05
random,97,0.0,0.7892663712456918,0.7657843325895196,0.4,0.559731182795699,0.14743130952567673,40528811.871458024,16204800.0,32390400.0,1.27,2.501037462446808,67.72112959973065,5.402562856937123,3.5261675643110273,0.8748906386701663,0.061199615883148935,3.453229313677168e-05
resource,53,0.0,0.8237321516494338,0.8069674690299217,0.43333333333333335,0.6565971107544142,0.12223616628807213,29843273.03190739,16204800.0,32390400.0,1.04,1.8416316790029725,46.4392844060684,6.407700371269046,0.8004543081352284,0.6561679790026247,0.17730801729158607,5.7981512111422414e-05
resource,59,0.0,0.8838010832102413,0.8786395319931618,0.5166666666666667,0.7136904761904762,0.11433924042853405,28193933.819061823,16204800.0,32390400.0,1.03,1.739850773786891,43.73453694891394,6.737879520919487,0.7188285165498298,0.7215007215007215,0.14352401714604718,7.327057984570678e-05
resource,61,0.0,0.8759231905465288,0.8713748518647509,0.5333333333333333,0.7885714285714287,0.09900818378900214,27590136.386356182,16204800.0,32390400.0,1.035,1.7025903674439764,43.058720154422254,6.818811916562556,0.6596402300014581,0.6331117442228553,0.20452316155369243,0.00012266135857581274
resource,67,0.0,0.8838010832102413,0.8788928321037935,0.5333333333333333,0.7251587301587301,0.10971062384063178,27919284.585614156,16204800.0,32390400.0,1.025,1.7229021392188812,43.18676751193608,7.097793262567176,0.4183548049956237,0.7137758743754461,0.17219139420540203,4.9630280575291025e-05
resource,71,0.0,0.8365337272279665,0.8263904829230863,0.5166666666666667,0.6971428571428571,0.10951659880761763,31184816.711409587,16204800.0,32390400.0,1.055,1.9244184878190134,48.91660140709631,6.658387607682058,0.7338932147596027,0.630715862503942,0.16672167284802278,5.236818624353406e-05
resource,73,0.0,0.8468734613490891,0.8376329745050483,0.5166666666666667,0.7114767255216694,0.12121191591771233,26788935.461277395,16204800.0,32390400.0,1.02,1.653148169756948,41.567032560789045,6.962433159043467,0.36248872124313714,0.7262164124909223,0.13833959862690748,1.5556850921563014e-05
resource,79,0.0,0.8690300344657804,0.8618387270129603,0.5,0.6921428571428572,0.11830740179252168,29172819.91953657,16204800.0,32390400.0,1.035,1.8002579432968353,45.47983734832081,6.8122438994894585,0.5332677624988553,0.735023888276369,0.12757637796574897,7.025200613642235e-05
resource,83,0.0,0.880354505169867,0.8759263378516305,0.55,0.6994444444444444,0.10804409751322666,28331523.228306834,16204800.0,32390400.0,1.03,1.7483414314466625,43.935416580648905,6.0674374534652,0.3874457559819227,0.5606952621250351,0.23813550067913652,0.0001259002027951444
resource,89,0.0,0.880354505169867,0.8765435454025431,0.5666666666666667,0.6935714285714285,0.11151495334395269,28376641.569660123,16204800.0,32390400.0,1.03,1.7511256892809632,44.05608050350362,6.707127227635245,0.41108073932548395,0.6271558482282847,0.18135629062588057,0.0001855590409232796
resource,97,0.0,0.8040374199901527,0.772906487493093,0.55,0.6705778491171749,0.1075127017592497,30910456.34353303,16204800.0,32390400.0,1.035,1.9074876791773423,47.950549660459345,6.734319905477153,0.7147841669627244,0.7176175098672407,0.13391358531094602,0.00011633599675615479
utility,53,0.0,0.8316100443131462,0.8233804374481198,0.5666666666666667,0.6960227272727273,0.1077665137435026,42889031.17381974,16204800.0,32390400.0,1.335,2.6466868565992634,73.92281979983703,3.9821569774654835,4.083530112340031,0.6038647342995169,0.07303341309208944,0.0001272747428937679
utility,59,0.0,0.7311669128508124,0.6993511565375896,0.3870967741935484,0.48284313725490197,0.1580138925513621,41715352.25983489,16204800.0,32390400.0,1.29,2.574259001026541,71.14358221268667,4.188650491024621,4.0803538897506355,0.6686726847208292,0.048070468507943415,3.574460612476132e-05
utility,61,0.0,0.7257508616445101,0.6760915888020017,0.38571428571428573,0.48177419354838713,0.14746817110882315,47622182.907136805,16204800.0,32390400.0,1.495,2.938770173475563,85.81233469083573,3.3590814784785956,5.919022149368608,0.44150110375275936,0.11428939130060509,0.00011493646756812929
utility,67,0.0,0.7641555883801083,0.6935471248926167,0.5,0.6366666666666666,0.11608457507851891,34171614.55420749,16204800.0,32390400.0,1.11,2.108734112991672,54.84479884400348,4.7178835377895965,1.9559642658508958,0.5894488653109343,0.06533310291736208,6.689557060831687e-05
utility,71,0.0,0.8380108321024126,0.8206408475863162,0.5571428571428572,0.7175115207373273,0.11148530593991186,38382589.77741965,16204800.0,32390400.0,1.19,2.368593859684759,62.914396788347574,3.6783939101058123,3.3936041163920367,0.5486968449931413,0.09070813939900987,3.285029664671431e-05
utility,73,0.0,0.7533234859675036,0.7047297907779152,0.5833333333333334,0.5997222222222222,0.11264484482453585,38072736.569384746,16204800.0,32390400.0,1.195,2.3494727839519602,64.44104740131024,4.564500876185157,3.7799187827887923,0.6865774116031582,0.062157396983586785,9.144201695184635e-06
utility,79,0.0,0.7459379615952733,0.6727675354935124,0.5333333333333333,0.5807142857142857,0.1033042576368766,39081391.910391286,16204800.0,32390400.0,1.27,2.4117170165871364,65.99362337120304,4.768645582920014,3.786201869833645,0.4772130756382725,0.09990344802022809,0.00019234221232905806
utility,83,0.0,0.7562776957163959,0.6823452798738593,0.5833333333333334,0.632449494949495,0.10067364450507352,44317896.61338359,16204800.0,32390400.0,1.37,2.7348623008851423,77.62831159270053,2.057631763380543,4.278138812694036,0.648508430609598,0.059131429157376146,3.652323373670957e-05
utility,89,0.0,0.8419497784342689,0.8290637392704255,0.6285714285714286,0.7075,0.09319934304767619,39911142.37638551,16204800.0,32390400.0,1.26,2.4629210096012004,67.50110009801404,2.8804106758006216,4.531351577451882,0.5175983436853002,0.09968935346812875,3.198464577977751e-05
utility,97,0.0,0.7321516494337764,0.667053142994327,0.37142857142857144,0.5384803921568627,0.14541498530393926,45012193.97571526,16204800.0,32390400.0,1.315,2.77770746789318,76.58891241307502,1.6343864406592128,5.289251346466541,0.5175983436853002,0.07715313151265947,6.669052137420618e-05
random_adaptive,53,0.0,0.880354505169867,0.875544056395895,0.55,0.7219101123595506,0.10630140199316578,12506814.962095767,5329968.0,32390400.0,1.255,2.443827253184698,21.26082074277616,7.237254643035056,1.8391293798071031,0.9170105456212746,0.05842307311016279,4.554682628340277e-05
random_adaptive,59,0.0,0.8788774002954209,0.8722344855734074,0.48333333333333334,0.7310714285714286,0.11984658765209956,12023042.567811882,5556576.0,32390400.0,1.21,2.2852123654647314,20.33175072168746,7.192120243478691,1.1941840259818757,0.9195402298850575,0.04682728023903236,1.717927851067081e-05
random_adaptive,61,0.0,0.879862136878385,0.8754293588934742,0.55,0.7253772070626003,0.10856437341885528,12530019.558273738,5111472.0,32390400.0,1.35,2.508505684130366,22.262196087529116,7.312133376153444,1.7553142045643972,0.8760402978537013,0.04558759456272882,9.980916970519626e-06
random_adaptive,67,0.0,0.8857705563761694,0.8803278622071731,0.5,0.7464285714285714,0.11246739506110098,10811175.99174672,5240976.0,32390400.0,1.145,2.126705494477707,17.976854142549936,7.664163215229365,0.8162815587593101,0.8960573476702509,0.05051488923710966,2.117637277539695e-05
random_adaptive,71,0.0,0.8847858197932054,0.8816590432621405,0.5833333333333334,0.7567094703049759,0.09912502304091687,13286124.718242103,5208576.0,32390400.0,1.33,2.6324033816632952,23.185026410894345,7.967733640468229,1.5471258478268548,0.9456264775413712,0.02271405351539868,4.7044047557768805e-05
random_adaptive,73,0.0,0.8724766125061546,0.8679736393243748,0.5833333333333334,0.7528571428571429,0.09441824770766134,10886450.435080782,5354256.0,32390400.0,1.17,2.120901719236638,18.697699195418878,7.496219466195072,1.0617043768632926,0.8691873098652759,0.05554461642804535,6.604277791618979e-06
random_adaptive,79,0.0,0.8877400295420975,0.8836307076543771,0.55,0.7582865168539326,0.10357398002870497,12469973.938552124,5281440.0,32390400.0,1.25,2.451984684203318,21.361594010461033,7.757779208865786,1.3260921003505517,0.9057971014492754,0.038553874610404486,2.0631374650157482e-05
random_adaptive,83,0.0,0.879369768586903,0.8749362001162623,0.5333333333333333,0.6835205992509363,0.11262683080283047,13363600.824976508,5386608.0,32390400.0,1.355,2.6193903243533483,23.558812550462385,6.051971946042479,2.639225110710007,0.8888888888888888,0.0670956068561045,1.2639044011780127e-05
random_adaptive,89,0.0,0.8670605612998523,0.8638211164191033,0.6333333333333333,0.7271428571428571,0.09254921736538732,12897612.67353138,5580816.0,32390400.0,1.29,2.456908295442969,22.24134233436693,6.678805517944589,1.841362106463711,0.8726003490401396,0.07623508960786957,7.445858042014143e-06
random_adaptive,97,0.0,0.8852781880846874,0.8807226605214695,0.55,0.7464285714285714,0.10844491660126632,13322314.606349349,5718432.0,32390400.0,1.27,2.486140440204012,22.622611157283984,7.394565864519719,1.3978385475869601,0.8748906386701663,0.05750993273194463,8.768169959582196e-06
resource_adaptive,53,0.0,0.8774002954209749,0.8718396945085223,0.5333333333333333,0.7446629213483146,0.10644386610010025,8970397.829261381,4876800.0,32390400.0,1.04,1.83940244202374,14.518737992689033,7.88878460892583,0.24089501690325593,0.6548788474132285,0.15640498502169686,7.148825944598355e-05
resource_adaptive,59,0.0,0.8788774002954209,0.8738122919971163,0.55,0.6924157303370786,0.11366298393951842,8551841.73647727,4957728.0,32390400.0,1.02,1.7314905105275107,13.756300895148186,7.990157565392202,0.1227279680677261,0.7222824124232575,0.1444817117958755,6.727728617879065e-05
resource_adaptive,61,0.0,0.880354505169867,0.8755264145519334,0.5166666666666667,0.7332865168539326,0.10873452225330782,8297949.737182367,4933440.0,32390400.0,1.03,1.6864573267196379,13.462999876055159,7.999267015311956,0.10624612983773635,0.6259780907668232,0.20141870098543108,5.34292000749486e-05
resource_adaptive,67,0.0,0.8847858197932054,0.8806682664770485,0.5333333333333333,0.7251587301587301,0.11141242507322575,8333094.638067628,4901088.0,32390400.0,1.025,1.7024190680947688,13.468177410519914,8.034345072851066,0.12590298633754554,0.6958942240779401,0.131364147271689,4.198049525314546e-05
resource_adaptive,71,0.0,0.8877400295420975,0.8854759339908883,0.6166666666666667,0.7682027649769585,0.09599707119051765,9526260.835905286,5062944.0,32390400.0,1.04,1.904321966323461,15.396570609538083,8.160044093422982,0.22086359780679984,0.6184291898577613,0.15873141980511546,5.7442410436540274e-05
resource_adaptive,73,0.0,0.8749384539635647,0.8690685338688647,0.5333333333333333,0.7128571428571429,0.10829875101655759,8255144.92960803,5038656.0,32390400.0,1.02,1.657059119012685,13.358359408267134,8.108569680456602,0.10909020757791094,0.7301935012778387,0.12819712542763914,2.0664799430846056e-05
resource_adaptive,79,0.0,0.8833087149187593,0.8790561204547739,0.5833333333333334,0.7371107544141252,0.10459861862143394,8748899.821885977,4901088.0,32390400.0,1.035,1.7874653556443696,14.179543651429977,8.033578473989229,0.17936346288756477,0.7317965605561654,0.12075796094371712,0.00013343336212382406
resource_adaptive,83,0.0,0.8867552929591335,0.8830070646437457,0.5666666666666667,0.7371863799283155,0.10737706399973668,8496345.336515566,4876800.0,32390400.0,1.03,1.7421967963655627,13.736562390436719,7.787546479804079,0.116600973956645,0.5564830272676683,0.2182224374986342,9.116425989748073e-05
resource_adaptive,89,0.0,0.879862136878385,0.874653726953088,0.55,0.6921428571428572,0.11458300592678637,8598825.777023131,4876800.0,32390400.0,1.045,1.7632106662202969,14.003233025810996,8.025884378921267,0.3105893579924266,0.6295247088448221,0.1755583175539351,9.182341331511274e-05
resource_adaptive,97,0.0,0.8729689807976366,0.8680017901959952,0.5833333333333334,0.6985714285714285,0.10292287906204366,9762242.991078217,5160048.0,32390400.0,1.03,1.9214109755655633,15.645481198599082,7.9871188769495856,0.21511277062622272,0.735023888276369,0.13866713214524234,0.0002123702323448013
utility_adaptive,53,0.0,0.8877400295420975,0.8846006929901428,0.6,0.7536866359447004,0.09367680748459878,12511324.331010317,5281440.0,32390400.0,1.285,2.4553431395540635,21.37786200993176,6.508603427947565,3.136773327886127,0.5678591709256104,0.09190681874034903,3.2189588753713276e-05
utility_adaptive,59,0.0,0.8887247661250616,0.8857906716128046,0.6333333333333333,0.7508294930875576,0.09555331847250509,13103502.224588644,5823600.0,32390400.0,1.23,2.43394787184935,22.213632551362167,6.626380409844122,1.7265738696406947,0.6248047485160887,0.05576961956268105,1.0489762481841528e-05
utility_adaptive,61,0.0,0.8330871491875923,0.8146198220311764,0.5166666666666667,0.7113964686998395,0.10501474042915482,13329600.652391851,5329968.0,32390400.0,1.4,2.6159351355649734,23.74279863743747,7.076747394573093,2.211637427481706,0.6626905235255136,0.04569133284638962,2.906894783941965e-05
utility_adaptive,67,0.0,0.8921713441654358,0.886967852269059,0.5333333333333333,0.784147465437788,0.10245285232119501,11558251.718311181,5410896.0,32390400.0,1.205,2.2370633422996127,19.480134111358023,6.6711302188763195,1.7893165039945378,0.6459948320413437,0.06024376610896701,1.7199515761123015e-05
utility_adaptive,71,0.0,0.8877400295420975,0.88425910747088,0.5833333333333334,0.7393579454253612,0.09830133191206225,11831531.207854126,5135760.0,32390400.0,1.215,2.34933183799087,20.13302753854786,7.967733640468229,1.326262250020055,0.7326007326007326,0.05401758148650736,1.0596728067032042e-05
utility_adaptive,73,0.0,0.8852781880846874,0.8826525786629466,0.65,0.7402728731942215,0.08780688832975805,10979171.047796946,5281440.0,32390400.0,1.135,2.1584554600326924,18.505933542695665,7.630992825338176,0.8038510298633347,0.607164541590771,0.0621533582469196,2.886483881958451e-05
utility_adaptive,79,0.0,0.8867552929591335,0.8827945874232427,0.55,0.7402728731942215,0.10066901492903356,13422945.470051957,5491824.0,32390400.0,1.28,2.5889355290253375,23.29726240020405,7.626931888535902,2.4058086942533428,0.613308800981294,0.06143904399074798,5.492430975240171e-05
utility_adaptive,83,0.0,0.8916789758739537,0.888523120698069,0.5833333333333334,0.7619261637239165,0.09555747775686524,14024029.208599789,5605152.0,32390400.0,1.4,2.69066936832478,24.955800971143425,4.688069679578297,3.4178204107525163,0.5574136008918618,0.09635781763665943,6.24749511380794e-06
utility_adaptive,89,0.0,0.8862629246676514,0.8804411811428889,0.55,0.7567094703049759,0.09880781594672146,13494930.583680566,5710320.0,32390400.0,1.365,2.5507048102113163,23.429919090762795,5.536183554090577,3.3341265126320327,0.670690811535882,0.049806297155228156,2.3456588481734738e-05
utility_adaptive,97,0.0,0.8562284588872476,0.8466856774246101,0.5666666666666667,0.7489566613162119,0.09960492717435986,13673467.155701835,5394720.0,32390400.0,1.325,2.6511635404910514,23.472859096996196,7.455383436603004,2.3709740146902973,0.6459948320413437,0.055827607978278196,9.183134207807475e-06
proposed_fixed_comp,53,0.0,0.7607090103397341,0.6810899612998716,0.43333333333333335,0.6449350649350649,0.10982441229934459,31197658.205636017,16204800.0,32390400.0,1.06,1.9252109378477962,48.95564378145973,5.1823412529959665,0.8004543081352284,0.6535947712418301,0.11060532137596693,8.927577637657847e-05
proposed_fixed_comp,59,0.0,0.7808961102904973,0.7144517249825103,0.45,0.6642857142857143,0.11141540810484704,30228735.049811836,16204800.0,32390400.0,1.035,1.865418582753988,46.95796257794524,5.988810532378066,0.4108995278788023,0.6915629322268326,0.09454511769835991,5.8735894041521126e-05
proposed_fixed_comp,61,0.0,0.8774002954209749,0.8745606089850115,0.6333333333333333,0.7790529695024078,0.08798024689470402,29747879.322594088,16204800.0,32390400.0,1.06,1.8357449226521816,46.966011976001695,5.592900472958991,0.7563271797498478,0.6830601092896175,0.13070018772782283,0.00017919257187961083
proposed_fixed_comp,67,0.0,0.7646479566715904,0.6840630484903256,0.5166666666666667,0.6037878787878788,0.10525940353318722,30134475.15088607,16204800.0,32390400.0,1.03,1.859601793967592,46.65948122548404,5.072616802779423,0.4183548049956237,0.7183908045977011,0.06465914641493534,0.00010120156484487019
proposed_fixed_comp,71,0.0,0.7444608567208272,0.6702877389608141,0.5151515151515151,0.6133333333333334,0.10549309244904907,32441890.524890885,16204800.0,32390400.0,1.05,2.0019926518618467,50.72020570160973,6.131681933536058,0.4077256855054612,0.6006006006006006,0.10233399462451442,5.4934613303542906e-05
proposed_fixed_comp,73,0.0,0.7287050713934022,0.6821697951159118,0.37254901960784315,0.5095833333333333,0.16005419300010099,28574408.42529534,16204800.0,32390400.0,1.03,1.7633299038121617,44.62016643177339,5.939500155614745,0.3832553802483429,0.6995452955578874,0.07559067438631985,2.1007765828128368e-05
proposed_fixed_comp,79,0.0,0.8380108321024126,0.8205133378812688,0.6,0.6935393258426966,0.10725520220826443,31132945.428442195,16204800.0,32390400.0,1.06,1.9212175052109348,49.0774881265724,5.561253278109007,0.9316213219046428,0.666000666000666,0.05678107608410918,0.00010154130321275712
proposed_fixed_comp,83,0.0,0.8828163466272771,0.8778745165744933,0.5,0.7517025089605734,0.11550820940317226,31105083.576105356,16204800.0,32390400.0,1.045,1.919498147222144,48.641191156644524,5.33531738869063,0.41506481578423887,0.6218905472636815,0.15586854148465729,8.094296357852326e-05
proposed_fixed_comp,89,0.0,0.8498276710979813,0.8418799700380717,0.6571428571428571,0.7319101123595505,0.08915102797836585,29443357.550884932,16204800.0,32390400.0,1.03,1.816952850444618,45.65615447534076,5.779885289378448,0.41108073932548395,0.5707762557077626,0.12387912869886175,0.00013920373377755376
proposed_fixed_comp,97,0.0,0.8409650418513048,0.831296827956404,0.44285714285714284,0.6373949579831933,0.13608598012859702,33220886.244255375,16204800.0,32390400.0,1.05,2.0500645638486996,51.82172211382265,5.612297245519957,0.8815418910777568,0.697350069735007,0.07971436470736933,0.0001320580875480554
fedcg_adapted,53,0.0,0.8749384539635647,0.8691498577750596,0.5166666666666667,0.7514285714285714,0.10699858234517526,9245146.161745764,4876800.0,32390400.0,1.075,1.8957402726676826,15.129939386917483,7.88878460892583,0.6059535838871892,0.6740815638692281,0.13461130424701184,7.11315810364209e-05
fedcg_adapted,59,0.0,0.8759231905465288,0.8730187747755761,0.5833333333333334,0.7070786516853932,0.10539854033678704,8792533.940966114,4957728.0,32390400.0,1.06,1.7808450472091142,14.356656065206836,8.003660541197263,0.648989727027216,0.7293946024799417,0.1293575169449654,6.783174388534381e-05
fedcg_adapted,61,0.0,0.8813392417528311,0.8758197887807989,0.5333333333333333,0.7768057784911717,0.10299571639181078,8718940.845859068,4933440.0,32390400.0,1.08,1.772782603269159,14.40664153262188,7.999267015311956,0.544537780798752,0.6516780710329098,0.1626016214123523,6.969078650476308e-05
fedcg_adapted,67,0.0,0.8813392417528311,0.876080318897768,0.5333333333333333,0.738015873015873,0.10962684854127702,8869284.635685913,4901088.0,32390400.0,1.075,1.812366164063086,14.569635637895779,8.099980820996603,0.4473291259986344,0.7374631268436578,0.10602808760967855,3.8321694643417915e-05
fedcg_adapted,71,0.0,0.8818316100443131,0.8778228643142033,0.5833333333333334,0.7784331797235023,0.10128940589589659,10222863.329449339,5062944.0,32390400.0,1.12,2.0471620445600207,16.977118054061325,8.25619931990036,0.9933458585409715,0.667334000667334,0.11691938633646684,7.567883200374631e-05
fedcg_adapted,73,0.0,0.8734613490891187,0.8685087336825643,0.5833333333333334,0.6996629213483145,0.10164730400621849,8902596.931456048,5038656.0,32390400.0,1.075,1.7898207663732526,14.805302574549039,8.108569680456602,0.5181344215620675,0.772499034376207,0.08354980400645451,3.8907526556645046e-05
fedcg_adapted,79,0.0,0.8695224027572624,0.8619016104120294,0.5,0.6924157303370786,0.11900903278984465,9505341.777276188,4901088.0,32390400.0,1.12,1.9425756647384897,15.878635934840874,8.033578473989229,0.602769136522978,0.7601672367920943,0.12206023508188574,0.00014542343908905114
fedcg_adapted,83,0.0,0.8857705563761694,0.8814568945255945,0.55,0.7123015873015873,0.11096323438391022,9541447.023060005,4876800.0,32390400.0,1.14,1.9564975030880933,16.012231545044003,7.816759252419832,0.7982928219621334,0.6253908692933083,0.16979224208173016,6.413275686205686e-05
fedcg_adapted,89,0.0,0.8774002954209749,0.8713076519887276,0.55,0.6994444444444444,0.11407828054050148,8724262.073450338,4876800.0,32390400.0,1.075,1.7889316915703628,14.337316433713067,8.025884378921267,0.733131088957515,0.6150061500615006,0.1788427333372497,0.00013149880993258164
fedcg_adapted,97,0.0,0.8769079271294928,0.8725003713299491,0.5833333333333334,0.6985714285714285,0.10332456947305527,10100158.006926818,5160048.0,32390400.0,1.07,1.9907012921355685,16.427012710238568,7.9871188769495856,0.6453383118786682,0.7619047619047619,0.11413560193083297,0.00020834455833876634
proposed,53,0.0,0.880354505169867,0.8771625478895979,0.5833333333333334,0.75446227929374,0.09192937421659401,11542852.831229677,4990080.0,32390400.0,1.24,2.337525422424825,19.70879160806031,7.108439428885594,1.7011292848389887,0.7898894154818326,0.03283347585570453,6.579871472932514e-05
proposed,59,0.0,0.880846873461349,0.876554801327215,0.5833333333333334,0.7301605136436597,0.09894450610483808,11166198.561525991,5168208.0,32390400.0,1.165,2.2122075183036403,18.693249781675163,7.044128981968127,0.9855492186273773,0.7532956685499058,0.02801545874042989,7.250278085664053e-05
proposed,61,0.0,0.8911866075824717,0.8860795514245883,0.5,0.7720385232744783,0.10732110995658556,11264150.468991363,5046720.0,32390400.0,1.25,2.266150634073092,19.537935839278777,7.328650063350203,1.4389380352243,0.7889546351084813,0.028352587256646373,0.00012163729044268001
proposed,67,0.0,0.8828163466272771,0.8794038423805203,0.5833333333333334,0.7388443017656501,0.09784109890535066,9978960.253356256,4957728.0,32390400.0,1.115,2.0259658049596467,16.523068656877925,7.830875483544785,0.6709936889979516,0.7917656373713381,0.033400036017320375,8.422951722077653e-05
proposed,71,0.0,0.8739537173806007,0.8687928095113078,0.6666666666666666,0.7382343499197432,0.08787794327203664,11441156.715585113,5014368.0,32390400.0,1.2,2.3102759425277917,19.423572944819416,7.967733640468229,0.8845350544064552,0.7843137254901961,0.04249595477088795,7.575634761598142e-05
proposed,73,0.0,0.8906942392909897,0.8855380725853733,0.5166666666666667,0.7416051364365971,0.10763780790342788,10279410.816395603,5119584.0,32390400.0,1.115,2.0529538501132385,17.296968549160816,7.8221344552549095,0.6838707310020036,0.7415647015202076,0.031235222853278025,4.617036942385067e-05
proposed,79,0.0,0.8867552929591335,0.8821315453387073,0.5666666666666667,0.737741935483871,0.10824652694472703,11161573.491287138,4957728.0,32390400.0,1.19,2.2661034176019372,19.106440003758085,8.14673745091226,1.1506041581211632,0.8514261387824607,0.020924889551977396,9.377269356910536e-05
proposed,83,0.0,0.8887247661250616,0.8854254764404373,0.5666666666666667,0.7728571428571429,0.0993005817772829,12090804.724724133,4957728.0,32390400.0,1.295,2.460500003749803,21.221946738109573,6.185581180739907,1.8366936286735236,0.8250825082508251,0.03479768955827389,3.893324248142741e-05
proposed,89,0.0,0.8764155588380108,0.8720810755209275,0.5833333333333334,0.751091492776886,0.09584137965546351,11437568.685066262,5014368.0,32390400.0,1.26,2.3112981019366843,19.737165563202606,6.811950191649274,1.980306317520956,0.8312551953449709,0.029513381422322536,0.00013343965640389712
proposed,97,0.0,0.8921713441654358,0.8869796956622552,0.5666666666666667,0.7720385232744783,0.0990814430343815,11840345.42486741,5111472.0,32390400.0,1.21,2.361912064209654,19.993610269279227,7.818025121998891,1.5089450862514573,0.8635578583765112,0.02509939562235641,1.8442317942781366e-05
random,53,0.5,0.8005908419497785,0.7844848283034357,0.4714285714285714,0.638978494623656,0.12389021077676667,41792144.9389992,16204800.0,32390400.0,1.3,2.578997885749851,71.24794199810054,4.109759264608788,4.222149441142442,0.9095043201455207,0.05473865476674686,3.4271454406933845e-05
random,59,0.5,0.844411619891679,0.8333223265203614,0.48333333333333334,0.6753571428571429,0.12571150353745397,36655313.96516827,16204800.0,32390400.0,1.2,2.2620034783007643,60.86999442847363,4.151880729467215,2.8559551144481863,0.8853474988933157,0.0650174923998383,2.9163784212563802e-05
random,61,0.5,0.8227474150664698,0.8054037292890049,0.48333333333333334,0.66,0.13021638278514863,40138429.4590542,16204800.0,32390400.0,1.31,2.4769469206071193,69.07737825938382,4.144048573060061,4.025934040473108,0.9170105456212746,0.07291932698353851,1.717483351057166e-05
random,67,0.5,0.8636139832594781,0.8552609672259405,0.5,0.7070786516853932,0.11440117494663497,35256324.60097796,16204800.0,32390400.0,1.175,2.1756716899300157,57.75873825986653,4.86596856988164,2.1958809020427714,0.8841732979664014,0.07408452082143614,2.4882227185594173e-05
random,71,0.5,0.6858690300344658,0.6240331552701739,0.2549019607843137,0.4676344086021505,0.16401031523030316,43741373.1144927,16204800.0,32390400.0,1.35,2.6992849720140133,75.19544726637186,3.7912543665461333,4.772101328463584,0.9259259259259259,0.05758436159559479,6.213634305164551e-05
random,73,0.5,0.8572131954702117,0.8452073866320817,0.5,0.7382343499197432,0.10994283695013801,33922194.35009126,16204800.0,32390400.0,1.12,2.093342364613649,55.677561010163096,3.7445731047283015,2.2553487348788397,0.8714596949891068,0.0674512037927758,4.724637771422478e-05
random,79,0.5,0.8183161004431314,0.8019909853703138,0.48333333333333334,0.6378571428571428,0.13431444286957966,41219627.83701185,16204800.0,32390400.0,1.29,2.543667792074682,70.32121575159194,4.541425432592321,3.1996065749931324,0.8877052818464269,0.06767902732801281,8.293306906613631e-06
random,83,0.5,0.8616445100935499,0.8588248906986743,0.65,0.7032142857142858,0.10550050229985934,43548447.71347792,16204800.0,32390400.0,1.35,2.687379524182827,76.26444645301146,1.8360994154243662,4.466892321639066,0.8877052818464269,0.06500873586039432,3.5201567413566765e-05
random,89,0.5,0.8335795174790743,0.815616106787903,0.48333333333333334,0.668330658105939,0.1278321863779369,40269411.23197946,16204800.0,32390400.0,1.29,2.4850298202988927,69.2478414721017,3.049977574106553,3.9038233864149054,0.9298000929800093,0.07426361977695702,8.829581848486881e-05
random,97,0.5,0.7818808468734614,0.7526685386893736,0.42857142857142855,0.5830645161290323,0.13768788818539654,39872750.298806645,16204800.0,32390400.0,1.255,2.4605518302482396,66.5201858553602,4.8515105296301675,3.215218021048546,0.8658008658008658,0.07107664365930286,0.00011483515449909275
resource,53,0.5,0.8675529295913343,0.8598175713419606,0.5166666666666667,0.6985714285714285,0.11043887110026827,29860261.802624132,16204800.0,32390400.0,1.035,1.8426800579225977,46.36943698661242,5.814642852645352,0.39724942902792376,0.6574621959237343,0.17244345984583515,4.8172508496763006e-05
resource,59,0.5,0.8754308222550468,0.8699799615013957,0.5,0.7065230961298377,0.11596845808506867,27963010.486785367,16204800.0,32390400.0,1.03,1.7256004694155649,43.379569958982174,6.3697181551497115,0.7188285165498298,0.7077140835102619,0.1458746082886505,4.154591676173582e-05
resource,61,0.5,0.8611521418020679,0.852794009571971,0.5166666666666667,0.7071629213483146,0.10977727456049167,27362454.475821648,16204800.0,32390400.0,1.03,1.6885400915667959,42.558921661685865,6.278008948823722,0.35303832119310813,0.6253908692933083,0.21077428908518775,0.00011015234008877276
resource,67,0.5,0.8636139832594781,0.8549736793742766,0.6,0.7114767255216694,0.10549509615319712,27876274.774491027,16204800.0,32390400.0,1.025,1.7202479990182544,43.122252795251384,5.897070399756855,0.4183548049956237,0.7069635913750442,0.14860065678871265,6.661089657616912e-05
resource,71,0.5,0.8778926637124569,0.8750981164070483,0.5833333333333334,0.7682027649769585,0.09690514198213258,31099211.908294417,16204800.0,32390400.0,1.055,1.9191358059522106,48.76412388974225,5.8110310747115355,0.7338932147596027,0.6207324643078833,0.18044879442117046,5.2901708236906026e-05
resource,73,0.5,0.8463810930576071,0.8360594748154009,0.5,0.7013643659711075,0.12366673558658102,26733883.262271192,16204800.0,32390400.0,1.02,1.6497508924683537,41.48445426227972,6.134156907107215,0.36248872124313714,0.7254261878853827,0.13345935836650588,3.0324087625911955e-05
resource,79,0.5,0.8591826686361398,0.8500685394785309,0.5,0.6705778491171749,0.12181500918491724,29053142.379130967,16204800.0,32390400.0,1.035,1.7928726290439223,45.30032103771239,6.032448785189575,0.5332677624988553,0.7254261878853827,0.13451242334181487,6.281917559828611e-05
resource,83,0.5,0.8833087149187593,0.8811471087982317,0.6166666666666667,0.7171428571428572,0.10406143175344705,28477819.81864815,16204800.0,32390400.0,1.035,1.7573694102147632,44.25853470013766,5.175615115715008,0.7803033442614737,0.5649717514124294,0.2253329788604342,7.927004384430332e-05
resource,89,0.5,0.8764155588380108,0.8709954978924682,0.55,0.6907142857142857,0.11468379629015714,28324370.07014318,16204800.0,32390400.0,1.03,1.7479000092653547,43.97767325422822,6.178416223558692,0.41108073932548395,0.6271558482282847,0.1900468262106877,0.00014076132940057451
resource,97,0.5,0.8675529295913343,0.858865095019775,0.55,0.7528571428571429,0.09958215043429769,30737497.486274704,16204800.0,32390400.0,1.03,1.8968143689693597,47.58708582533544,6.001321436346827,0.4407709455388784,0.7084661707403471,0.14181095146567363,0.00018213893049819356
utility,53,0.5,0.7351058591826687,0.6904837666034247,0.4117647058823529,0.5320833333333334,0.14821442953553607,44444362.34624869,16204800.0,32390400.0,1.375,2.742666515245399,77.5198250422496,3.373238676017627,4.430172003522957,0.697350069735007,0.058475833446026144,5.7955072382113375e-05
utility,59,0.5,0.8429345150172329,0.8234240013247792,0.6142857142857143,0.7189400921658987,0.09969170773401956,40717245.28211871,16204800.0,32390400.0,1.265,2.5126657090564954,68.9208685367788,3.2169295845926507,3.4032373377870813,0.7293946024799417,0.040496667481177286,2.8700902335694824e-05
utility,61,0.5,0.724766125061546,0.6585169127242428,0.38571428571428573,0.49901960784313726,0.14449163168633283,47861733.480544396,16204800.0,32390400.0,1.49,2.9535528658511314,86.0751645794692,2.0155234352332365,6.594394415561977,0.4778972520908005,0.10361189083198535,0.00011129135737275316
utility,67,0.5,0.7612013786312162,0.6857750896438607,0.5757575757575758,0.6435714285714286,0.09682226428514276,34314585.15938288,16204800.0,32390400.0,1.125,2.117556844847381,55.672604793176255,4.536397783780925,1.6952304025414806,0.7160759040458289,0.05676651240591357,6.325859049203099e-05
utility,71,0.5,0.79369768586903,0.7623724438410773,0.6,0.6495161290322581,0.11060359127346386,37338277.89866078,16204800.0,32390400.0,1.18,2.304149258161824,61.288404679167634,3.651651223312727,3.3936041163920367,0.6727211570803902,0.07274438788864873,1.834861997556162e-05
utility,73,0.5,0.7134416543574594,0.652256336576522,0.45,0.5616666666666666,0.11416930141579207,37609483.153080635,16204800.0,32390400.0,1.18,2.3208853644031775,63.08401198894373,3.510649756128825,3.3923411987533263,0.6894174422612892,0.04939394710665865,5.4366649082862167e-05
utility,79,0.5,0.7754800590841949,0.7106579513153416,0.4,0.6714285714285714,0.11468076045471627,40925723.113732226,16204800.0,32390400.0,1.28,2.5255308990997856,69.11960952884877,4.2906689860594405,3.240259458949961,0.5688282138794084,0.07670959579084155,8.631641726056954e-05
utility,83,0.5,0.7868045297882816,0.7371765805933389,0.6078431372549019,0.6492857142857144,0.11483782015063762,44657177.488756515,16204800.0,32390400.0,1.38,2.7557993612236173,78.89057127890796,1.2418444938650295,3.748548696452824,0.6865774116031582,0.07063657567276316,1.8748473990257597e-05
utility,89,0.5,0.8813392417528311,0.8765645360102606,0.6333333333333333,0.7418992388546575,0.09013406277890067,40361469.98683712,16204800.0,32390400.0,1.285,2.490710776241432,69.09591606428107,3.002244517173188,4.918546096212644,0.5884083553986467,0.07936411723722864,2.566600370401765e-05
utility,97,0.5,0.7331363860167405,0.6740072560985596,0.38571428571428573,0.5060457516339869,0.15034544923557788,45606207.39172135,16204800.0,32390400.0,1.325,2.814364101483601,77.84380879100571,1.537118819922418,5.289251346466541,0.5537098560354374,0.05677522067814159,7.185854011497526e-05
random_adaptive,53,0.5,0.8783850320039389,0.8724805924234551,0.5,0.7082865168539326,0.11441706899384944,13146487.42494833,5410896.0,32390400.0,1.3,2.552422134010248,22.569026149169407,6.470725841539355,2.0718276550808277,0.9095043201455207,0.044203971695959784,3.480272983501004e-05
random_adaptive,59,0.5,0.8842934515017233,0.8785374772449082,0.5,0.7344101123595506,0.11353126240595762,11866900.685023539,5572752.0,32390400.0,1.2,2.247411715446308,20.037866180148455,6.057372689912941,1.0787365274240404,0.8853474988933157,0.05454410704604476,3.5858024422759436e-05
random_adaptive,61,0.5,0.8838010832102413,0.879355326671606,0.55,0.7180243445692884,0.10954900373029826,12522804.252788715,5346192.0,32390400.0,1.31,2.447617555443784,21.972944265907604,6.6519187078776705,1.6502198546063576,0.9170105456212746,0.04414599389323473,3.949579613782208e-06
random_adaptive,67,0.5,0.8769079271294928,0.8725208128345416,0.5833333333333334,0.6974157303370786,0.10883456499330613,10743875.758634945,5030592.0,32390400.0,1.175,2.1621770887804392,18.044351578616336,6.60906433890667,1.0203519484491377,0.8841732979664014,0.05877988481061665,1.5547371828464942e-05
random_adaptive,71,0.5,0.880846873461349,0.8788641826691704,0.6,0.7301605136436597,0.09732119263252818,13669989.108537158,5321952.0,32390400.0,1.35,2.6795335583772286,23.88794628047392,6.476131121599912,1.688325876572646,0.9259259259259259,0.040259918967181715,5.625834885900549e-05
random_adaptive,73,0.5,0.8641063515509602,0.8572308637614393,0.5666666666666667,0.7728571428571429,0.0976853513795064,10615006.264352895,5265264.0,32390400.0,1.12,2.085845240279669,17.887985661932667,6.290139833427331,0.7359605245525813,0.8714596949891068,0.04854450484224893,1.2153405584912688e-05
random_adaptive,79,0.5,0.879369768586903,0.87625463729779,0.5833333333333334,0.7371107544141252,0.10516873935570992,12711823.989040203,5216688.0,32390400.0,1.285,2.519377473355151,22.002192387429037,6.996512339977955,1.4466459276551473,0.8877052818464269,0.04605156750979128,6.565987619306908e-06
random_adaptive,83,0.5,0.8754308222550468,0.8729818893959592,0.5833333333333334,0.7065230961298377,0.1048394706975806,13238156.240629341,5281440.0,32390400.0,1.35,2.6173314038191275,23.36200209187645,4.766388660414829,2.2763356080069617,0.8877052818464269,0.0676528580810308,9.617104801948545e-06
random_adaptive,89,0.5,0.8783850320039389,0.8756787396579835,0.5833333333333334,0.7214285714285714,0.1026781017806474,12766656.477352504,5540400.0,32390400.0,1.29,2.444665752611838,22.084264629935628,6.101318024888495,2.228596288574919,0.9298000929800093,0.04557004203042321,1.2138531835829958e-05
random_adaptive,97,0.5,0.8754308222550468,0.8717043656016381,0.5833333333333334,0.7514285714285714,0.10009604431038086,12683573.562969634,5427072.0,32390400.0,1.255,2.4418934153894667,21.56431785443899,7.202988057849722,1.3978385475869604,0.8658008658008658,0.06431842310503298,6.338689896813856e-05
resource_adaptive,53,0.5,0.8685376661742984,0.8613059930337236,0.5166666666666667,0.74,0.1081262271974234,8973339.826825732,4876800.0,32390400.0,1.04,1.8400057059599997,14.523150989035559,6.9383115513117435,0.24089501690325593,0.6472491909385113,0.15374046078130565,6.621206627955862e-05
resource_adaptive,59,0.5,0.8838010832102413,0.879598546844675,0.55,0.7251587301587301,0.11266792652576539,8442906.402740905,4957728.0,32390400.0,1.02,1.709153048721334,13.592897894543633,7.230650416633384,0.1227279680677261,0.7002801120448179,0.14787613956766302,5.637811383552721e-05
resource_adaptive,61,0.5,0.8764155588380108,0.8698352188855337,0.5166666666666667,0.7321629213483146,0.10984772502782159,8284755.824351246,4933440.0,32390400.0,1.03,1.6837518819954087,13.442383673470152,7.3974347532715825,0.10624612983773635,0.6224712107065048,0.19441919400532856,6.700730478027849e-05
resource_adaptive,67,0.5,0.880846873461349,0.8764314374869827,0.55,0.7075,0.1102508375358193,8479572.67132812,4925376.0,32390400.0,1.025,1.7262458395248772,13.687894460410654,6.899257958186276,0.12590298633754554,0.7137758743754461,0.11789215882555965,3.7286954951005786e-05
resource_adaptive,71,0.5,0.880354505169867,0.8780694853951155,0.6166666666666667,0.7682027649769585,0.0974523916617322,9504911.486233214,5062944.0,32390400.0,1.04,1.8999442289399167,15.36454658502998,7.17034971571323,0.22086359780679984,0.6093845216331505,0.16004019489751276,8.601212735294872e-05
resource_adaptive,73,0.5,0.8749384539635647,0.8691375804294652,0.5166666666666667,0.7113964686998395,0.11201008007728067,8248628.921232396,5038656.0,32390400.0,1.02,1.6557229952479964,13.348585395703681,7.0852614679403585,0.10909020757791094,0.7285974499089253,0.13753202242842616,2.662755487170109e-05
resource_adaptive,79,0.5,0.8734613490891187,0.8674111912588555,0.5,0.7174157303370786,0.11688797439178858,9051270.439652776,4982016.0,32390400.0,1.05,1.8297609654671743,14.73988822525082,7.075070413777864,0.23052097513880926,0.7601672367920943,0.11187153142634583,7.299687905504802e-05
resource_adaptive,83,0.5,0.8882323978335795,0.8861164940791166,0.5833333333333334,0.7394047619047619,0.1035966099743975,8456281.193221321,4876800.0,32390400.0,1.03,1.7339815438856079,13.676466175495351,6.80751229287505,0.116600973956645,0.5500550055005501,0.2147834653249019,7.450210929638309e-05
resource_adaptive,89,0.5,0.8813392417528311,0.8779424264244889,0.5833333333333334,0.6994444444444444,0.10990050537039799,8905063.292162947,5087232.0,32390400.0,1.03,1.7724715227877552,14.37040326783505,7.501351740156375,0.12371387178752717,0.6516780710329098,0.16826133618627967,3.258938188121141e-05
resource_adaptive,97,0.5,0.8729689807976366,0.8684492232613695,0.55,0.7257142857142856,0.1059892663976873,9813525.080886044,5224752.0,32390400.0,1.025,1.9127707726185537,15.69109806612356,7.2980953213268815,0.13264907602710324,0.7238508867173362,0.14378641615383975,0.00021822919905591705
utility_adaptive,53,0.5,0.8902018709995076,0.8850948552394553,0.5,0.7922632423756019,0.10463150868106597,13155667.444128517,5467536.0,32390400.0,1.32,2.5384938205976457,22.660170381409884,5.70466623046154,2.536196583999516,0.6858710562414266,0.05557704016202148,1.3609036767418142e-05
utility_adaptive,59,0.5,0.8823239783357951,0.8779802751502408,0.5666666666666667,0.7547833065810594,0.10408850554354389,12842703.249781286,5677920.0,32390400.0,1.23,2.420717423781123,21.81475233339899,5.923737629340937,1.6029145330515764,0.6995452955578874,0.03692787969677578,7.012021478821007e-06
utility_adaptive,61,0.5,0.8650910881339242,0.8601177876919626,0.5571428571428572,0.7320276497695853,0.10885687987728951,13129296.537479034,5249088.0,32390400.0,1.39,2.593913550539589,23.390863595211975,6.08517505697586,2.1140264940292335,0.6865774116031582,0.03829271207368175,2.6039637099553207e-05
utility_adaptive,67,0.5,0.8857705563761694,0.8827096603873423,0.6333333333333333,0.7661958266452649,0.0875536359339534,11099437.511722367,5289504.0,32390400.0,1.17,2.1743885308044035,18.5714286142675,6.474690607326503,1.3419873779959033,0.7099751508697195,0.043013969616909335,6.274195800103565e-05
utility_adaptive,71,0.5,0.879862136878385,0.8748233193902273,0.55,0.7648956661316212,0.10433022220883832,11522359.133902965,4949664.0,32390400.0,1.23,2.342411011201286,19.757247281931853,7.140894366322791,1.770150771992166,0.6754474839581223,0.07460756202853513,1.352737961313286e-05
utility_adaptive,73,0.5,0.8867552929591335,0.8838313365480582,0.65,0.7427287319422151,0.08820128855562911,10960960.167936604,5257152.0,32390400.0,1.13,2.1614652048385183,18.437801942487884,6.740675549116586,0.8038510298633347,0.5925925925925926,0.07016967375181431,2.0837583484092752e-05
utility_adaptive,79,0.5,0.8916789758739537,0.8862055316516896,0.5333333333333333,0.7503852327447833,0.10398983001306959,13622598.835998453,5686032.0,32390400.0,1.275,2.5730418322562527,23.538712851209894,7.314471265821612,2.301208316242328,0.6337135614702155,0.057829677600994084,4.8086056848354935e-05
utility_adaptive,83,0.5,0.8921713441654358,0.8874811639887237,0.5333333333333333,0.7936918138041733,0.1007332940207358,13782289.058302421,5467584.0,32390400.0,1.39,2.6780107858616806,24.522311588978802,3.3897022568833206,3.0677150451167923,0.607164541590771,0.0762692056805063,1.2833118114908009e-05
utility_adaptive,89,0.5,0.8754308222550468,0.8714221580580707,0.6,0.752215088282504,0.09320246903314446,12930221.780544568,5499936.0,32390400.0,1.33,2.487002273809765,22.430655095682805,5.658173139487368,3.140062519290357,0.7160759040458289,0.03816297436627501,4.973485562859408e-05
utility_adaptive,97,0.5,0.8862629246676514,0.883255838533424,0.5833333333333334,0.7551152073732719,0.09652228631082517,13732439.582886856,5410896.0,32390400.0,1.325,2.6575827600937476,23.543517920730512,6.446543207306553,2.1542833981301253,0.6646726487205051,0.052565851783832024,1.0522754766497896e-05
proposed_fixed_comp,53,0.5,0.7641555883801083,0.6881171866815213,0.4666666666666667,0.6705714285714286,0.10665294575715073,30678864.033999264,16204800.0,32390400.0,1.05,1.8931960921454876,47.90491287254286,4.624691729877076,0.8004543081352284,0.6581112207963146,0.10616497490137368,0.00010069382614123486
proposed_fixed_comp,59,0.5,0.775972427375677,0.7159861078376807,0.5,0.6447222222222223,0.10838002127991327,29802612.449662376,16204800.0,32390400.0,1.03,1.8391225099762023,46.23283545278408,4.9056096774699185,0.4108995278788023,0.6747638326585695,0.0991744223676427,7.861395242106617e-05
proposed_fixed_comp,61,0.5,0.7843426883308715,0.7470581062612297,0.5606060606060606,0.65,0.10623310364868613,30888875.403073788,16204800.0,32390400.0,1.09,1.9061559169550855,49.495110200796226,4.647125694431446,1.3192804600029162,0.7099751508697195,0.15278655005452385,0.0001614306590784831
proposed_fixed_comp,67,0.5,0.8355489906450024,0.8206524152352093,0.5666666666666667,0.7136904761904762,0.09963046102198563,30067949.012183573,16204800.0,32390400.0,1.035,1.855496458591499,46.73781669164433,4.644238003658411,0.4183548049956237,0.7457121551081283,0.08581425506712861,9.489327402620936e-05
proposed_fixed_comp,71,0.5,0.7424913835548991,0.666312813966127,0.5,0.6111904761904763,0.10628928639583578,31988866.57891428,16204800.0,32390400.0,1.05,1.9740364940581958,50.02450244789748,4.4209215546591745,0.4077256855054612,0.6044122091266244,0.11506696944395896,7.978370848359096e-05
proposed_fixed_comp,73,0.5,0.7892663712456918,0.7589211222637466,0.45714285714285713,0.5924019607843137,0.14172501961014305,28428989.587833982,16204800.0,32390400.0,1.03,1.7543560912713496,44.40203817558135,4.780806210438578,0.3832553802483429,0.7099751508697195,0.07161257878636057,1.989064688089993e-05
proposed_fixed_comp,79,0.5,0.8124076809453471,0.788968397119637,0.5416666666666666,0.6739631336405529,0.11782375963645421,30969416.733575266,16204800.0,32390400.0,1.06,1.9111261313669552,48.875496117684335,4.781458163809123,0.9316213219046428,0.7130124777183601,0.056851124289926246,0.00013251535412268358
proposed_fixed_comp,83,0.5,0.7863121614967996,0.7393487733987433,0.5555555555555556,0.6140909090909091,0.11048266884550018,33151966.56457221,16204800.0,32390400.0,1.1,2.045811522794001,53.281887639251785,3.289938057136491,1.1677491002433964,0.6851661527920521,0.14664530736750178,5.535267783572786e-05
proposed_fixed_comp,89,0.5,0.8626292466765141,0.8579271553433235,0.5833333333333334,0.7285714285714285,0.10256302489507836,30565686.285039112,16204800.0,32390400.0,1.065,1.8862118807414543,48.27012088691106,4.689809561123795,0.852445766319587,0.6397952655150352,0.12157504306967268,7.68257027270946e-05
proposed_fixed_comp,97,0.5,0.8005908419497785,0.7851643085079263,0.38571428571428573,0.6397619047619049,0.1470349662009202,33110095.181656413,16204800.0,32390400.0,1.045,2.0432276351239405,51.51204580736801,3.710018007192962,0.7174056275301518,0.7207207207207207,0.08461766345912175,0.00013374365462052486
fedcg_adapted,53,0.5,0.8739537173806007,0.867985339871344,0.5166666666666667,0.7514285714285714,0.1068206773086941,9483967.445771057,4876800.0,32390400.0,1.1,1.9447111724432107,15.65460528666146,6.9383115513117435,0.8496685024193982,0.6858710562414266,0.11536893438849766,5.012081509212559e-05
fedcg_adapted,59,0.5,0.880846873461349,0.8767076756919044,0.55,0.6994444444444444,0.11374384562966226,8731607.932164758,4957728.0,32390400.0,1.055,1.7683520171891516,14.239052564951352,7.180104607009704,0.648989727027216,0.7215007215007215,0.12302067779390499,5.8246688923767776e-05
fedcg_adapted,61,0.5,0.8823239783357951,0.8767965240892344,0.5166666666666667,0.7756821829855538,0.10777067736715688,8655748.290850794,4933440.0,32390400.0,1.075,1.759824812297975,14.286046912265766,7.449459089688416,0.544537780798752,0.644122383252818,0.16461612062599695,7.586457761998258e-05
fedcg_adapted,67,0.5,0.8818316100443131,0.8770315068015274,0.5333333333333333,0.7251587301587301,0.10926047037543797,8864249.898918476,4925376.0,32390400.0,1.065,1.8051248642112199,14.505892216431592,6.899257958186276,0.4473291259986344,0.7390983000739099,0.10240219189768673,4.906379139322614e-05
fedcg_adapted,71,0.5,0.8833087149187593,0.8808686099338626,0.5833333333333334,0.7955844155844156,0.09837314385676468,10141294.625674525,5062944.0,32390400.0,1.11,2.0304361784644653,16.779388960159707,7.17034971571323,0.9933458585409716,0.6548788474132285,0.12643627658239423,9.78767002053942e-05
fedcg_adapted,73,0.5,0.8759231905465288,0.8706956079855614,0.55,0.751091492776886,0.10174570547571588,8742466.361999907,5038656.0,32390400.0,1.065,1.7569855938305725,14.464757551452642,7.0852614679403585,0.5181344215620675,0.7716049382716049,0.08868562383930237,1.765959786031334e-05
fedcg_adapted,79,0.5,0.8724766125061546,0.866462362938921,0.5,0.7299157303370787,0.11674102088139297,9472757.818253987,4876800.0,32390400.0,1.12,1.942412610370319,15.819480372326186,7.131649902239379,0.602769136522978,0.7619047619047619,0.12208970996343044,0.00012063877418243491
fedcg_adapted,83,0.5,0.8813392417528311,0.8773695409841734,0.5833333333333334,0.7226702508960574,0.10550866207033885,9080045.976872642,4876800.0,32390400.0,1.105,1.8618860680923255,15.092209902527864,6.645986120052001,0.5639687102045522,0.5807200929152149,0.1852985383743716,7.293272702331525e-05
fedcg_adapted,89,0.5,0.8670605612998523,0.8587212594134909,0.48333333333333334,0.6921428571428572,0.12223732450366423,9286135.753376946,5087232.0,32390400.0,1.085,1.8506113811403617,15.264013083835492,7.501351740156375,0.631207235157951,0.6700167504187605,0.15017216590950988,6.481456335312452e-05
fedcg_adapted,97,0.5,0.879862136878385,0.8744726193965202,0.5666666666666667,0.7257142857142856,0.10218252188324307,10208233.741129305,5224752.0,32390400.0,1.07,1.9937067675831326,16.5891263115423,7.2980953213268815,0.6453383118786682,0.7662835249042146,0.11868442559334205,0.00019150587947006298
proposed,53,0.5,0.8823239783357951,0.877967559364083,0.55,0.7790529695024078,0.09974116811678735,11506390.102546072,4990080.0,32390400.0,1.235,2.3300486489906875,19.603690195532444,6.143808629985938,1.7011292848389887,0.8210180623973727,0.030828442930996923,6.759821276020408e-05
proposed,59,0.5,0.8828163466272771,0.8792711334391369,0.5833333333333334,0.7186195826645265,0.09930897131915839,11237659.318613084,5160048.0,32390400.0,1.17,2.229005120173663,18.88792494711555,6.065365270090981,0.9855492186273773,0.7567158531971245,0.02433228547266602,3.8152715880657986e-05
proposed,61,0.5,0.8818316100443131,0.8765549422379868,0.5166666666666667,0.7663242375601926,0.11015322430402079,11452742.997527933,5160048.0,32390400.0,1.255,2.274703113024398,19.86891183938923,6.253110169493933,1.32499386942822,0.8080808080808081,0.022407684266047355,0.00010284648284692702
proposed,67,0.5,0.8842934515017233,0.881356946407499,0.6,0.7388443017656501,0.09745152570567192,10105023.193480168,5014368.0,32390400.0,1.115,2.0365800009513357,16.712163067063795,6.702350713749662,0.6709936889979516,0.7984031936127745,0.03228509456343528,5.793430924955125e-05
proposed,71,0.5,0.8823239783357951,0.8794332407401463,0.6333333333333333,0.7301605136436597,0.0906433660512896,11327527.103520863,5014368.0,32390400.0,1.19,2.286975907245589,19.203378562892386,7.096315686533318,0.8845350544064552,0.7733952049497294,0.037728290751726484,5.644833216779166e-05
proposed,73,0.5,0.8818316100443131,0.8761046839980061,0.5166666666666667,0.7393579454253612,0.10445903538933475,10240685.526685197,5119584.0,32390400.0,1.12,2.0450131328989984,17.269613965897005,6.858083858079493,0.7359605245525811,0.7482229704451927,0.026144784116015618,2.0533117699868204e-05
proposed,79,0.5,0.8857705563761694,0.8817224763648346,0.5833333333333334,0.7393579454253612,0.09992404416595511,11129952.044845339,4933440.0,32390400.0,1.19,2.26702348216818,19.081745052464793,7.188229390700894,1.1506041581211632,0.8322929671244278,0.02711222473840863,9.419008207339134e-05
proposed,83,0.5,0.8838010832102413,0.8785997119552683,0.48333333333333334,0.7136904761904762,0.11579908367611724,12005307.254355427,4949664.0,32390400.0,1.285,2.44483682706682,21.03890392909419,4.823055584229627,1.717976998687871,0.8261049153242461,0.028730073142720164,3.1488310777220724e-05
proposed,89,0.5,0.8828163466272771,0.8792266661498004,0.6333333333333333,0.7402728731942215,0.09443546633577103,11397811.028092891,5071008.0,32390400.0,1.255,2.2875752336722286,19.662857392102993,6.628168215647371,2.0920138855779724,0.8302200083022001,0.024941860181352943,7.013952841440315e-05
proposed,97,0.5,0.8862629246676514,0.8825788250209987,0.5833333333333334,0.7388443017656501,0.09896651193671556,11893918.374746243,5151936.0,32390400.0,1.21,2.361324642051274,20.076750206481236,6.8170012237059865,1.4009942394548587,0.8865248226950354,0.021270237245208063,1.9405033269528525e-05
random,53,0.9,0.8010832102412605,0.7900403793022527,0.5428571428571428,0.6566292134831461,0.11640097495363387,41388402.04285387,16204800.0,32390400.0,1.285,2.55408286698101,70.55623837916536,3.4651536419904363,3.808539364625659,0.8841732979664014,0.06440725846726095,3.933611899635097e-05
random,59,0.9,0.8739537173806007,0.8707888679273554,0.6333333333333333,0.7114767255216694,0.1043058649731654,36517242.9891419,16204800.0,32390400.0,1.195,2.253483103101664,60.59008269486817,3.7013129749679474,2.511060069986621,0.9170105456212746,0.06466596787815902,2.2956709593630086e-05
random,61,0.9,0.8316100443131462,0.8182681567143323,0.48333333333333334,0.6614285714285714,0.1290624379414824,38094528.018738285,16204800.0,32390400.0,1.265,2.3508175367013653,64.76812211350034,3.9884385953249413,3.978898261964078,0.9259259259259259,0.07560730877134432,2.574886188236791e-05
random,67,0.9,0.8237321516494338,0.8111641217080399,0.5666666666666667,0.6593743115223617,0.12375721990518644,35787184.45136211,16204800.0,32390400.0,1.17,2.208431110002102,58.56600856650899,4.5747168917100085,2.216160414146934,0.9009009009009009,0.06453982325451615,4.1616509285082384e-05
random,71,0.9,0.810438207779419,0.7969967937053409,0.44285714285714284,0.6154411764705883,0.1449856269624357,44090653.97015576,16204800.0,32390400.0,1.37,2.7208391322420376,76.37630450524468,2.6391040773868526,4.764919598358923,0.8806693086745927,0.07242350492792293,8.098609455804923e-05
random,73,0.9,0.8345642540620384,0.8157822472766719,0.48333333333333334,0.7103571428571429,0.12148744367755432,34978768.46553034,16204800.0,32390400.0,1.145,2.158543670118135,58.014048639566866,2.504035132939613,2.5892317413771933,0.8972633467922836,0.05665244652555802,2.7453101721437496e-05
random,79,0.9,0.844411619891679,0.8325177757233732,0.48333333333333334,0.6628571428571428,0.12757751216277274,40768898.45213953,16204800.0,32390400.0,1.28,2.515853231890519,69.31958204888545,3.767719846343006,2.934523492083357,0.8783487044356609,0.08009421441701173,1.3487161317894388e-05
random,83,0.9,0.7631708517971443,0.720005660161942,0.5303030303030303,0.5985714285714285,0.1144948215384782,44404103.62571048,16204800.0,32390400.0,1.38,2.740182145148996,78.42955604099677,1.1218876529826391,4.565230704508699,0.8806693086745927,0.10859953537096914,1.4555647315604194e-05
random,89,0.9,0.843426883308715,0.8342955272510864,0.5,0.6503571428571429,0.12806474482941999,40038135.22086065,16204800.0,32390400.0,1.27,2.4707577520772053,68.61699741004449,3.096935175143288,3.549138532352135,0.9009009009009009,0.07411569434008942,1.8820656541842823e-05
random,97,0.9,0.8498276710979813,0.838899280255511,0.4666666666666667,0.7075,0.11883017035614492,40463578.641710915,16204800.0,32390400.0,1.27,2.4970119126253287,67.7980714450559,3.7495478434845744,2.503055314653249,0.8669267446900737,0.07014571735340269,4.147358267238044e-05
resource,53,0.9,0.8655834564254062,0.8592181542163287,0.5166666666666667,0.7371428571428572,0.10574514750521044,29839575.11029116,16204800.0,32390400.0,1.035,1.8414034798511019,46.33840694811297,4.810163635819799,0.39724942902792376,0.6523157208088715,0.16584554502393653,4.917807497305162e-05
resource,59,0.9,0.8818316100443131,0.8772567981931562,0.55,0.7281367041198502,0.10761026082473042,27893909.619014807,16204800.0,32390400.0,1.025,1.7213362472239573,43.17910926914702,5.253246484250307,0.4078047442880347,0.7062146892655368,0.1495782650735079,5.3685614125921054e-05
resource,61,0.9,0.8567208271787297,0.8470066981524411,0.5,0.6849094881398252,0.11277580417383044,27452870.68041527,16204800.0,32390400.0,1.035,1.694119685550901,42.812981523405476,5.373248006937663,0.35303832119310813,0.6224712107065048,0.20788275018465435,0.00010240085876339557
resource,67,0.9,0.8409650418513048,0.8267453680497767,0.55,0.6942857142857143,0.11567372462396505,28240309.50121272,16204800.0,32390400.0,1.03,1.7427126222608558,43.818973356741424,4.955477879924116,0.4183548049956237,0.7137758743754461,0.1490425860348203,4.215771296650598e-05
resource,71,0.9,0.8833087149187593,0.8806129872012178,0.6,0.7232258064516129,0.10029716356676073,30903798.08267847,16204800.0,32390400.0,1.05,1.9070767971637073,48.33949514071435,4.881881706671763,0.7338932147596027,0.6060606060606061,0.19042107858983842,6.719481075119472e-05
resource,73,0.9,0.8463810930576071,0.8368078014003619,0.5166666666666667,0.6845585874799358,0.12012033294621006,26599947.93240375,16204800.0,32390400.0,1.02,1.6414857284510598,41.28355126747857,5.132250177590019,0.36248872124313714,0.7160759040458289,0.13730175851582488,2.527801209107132e-05
resource,79,0.9,0.8345642540620384,0.8202988612806211,0.5,0.673884430176565,0.12209324197016055,28876497.970430244,16204800.0,32390400.0,1.03,1.7819718830488642,44.824644631936984,5.265642337020476,0.4050324323687452,0.7222824124232575,0.14110913848871964,5.9863216481515066e-05
resource,83,0.9,0.8778926637124569,0.8742549899748059,0.5833333333333334,0.6907142857142857,0.11193229860787482,28372712.942730866,16204800.0,32390400.0,1.03,1.7508832532787142,43.997201152284944,4.4176316252083625,0.3874457559819227,0.5644933672029354,0.23606152439516392,8.965168732427361e-05
resource,89,0.9,0.8828163466272771,0.8792774744506313,0.5833333333333334,0.7060714285714286,0.10768478060275866,28552269.699728355,16204800.0,32390400.0,1.03,1.7619637206092265,44.335531440043425,5.19507625646868,0.41108073932548395,0.6379585326953748,0.19266244253024167,0.00011161163936145984
resource,97,0.9,0.8709995076317085,0.8639503357139268,0.5666666666666667,0.7528571428571429,0.1000730226400538,31113968.09059072,16204800.0,32390400.0,1.04,1.9200464115935219,48.371696795430005,5.408641659653794,0.7147841669627244,0.7160759040458289,0.14591306542941573,0.00020457831741456834
utility,53,0.9,0.8409650418513048,0.8284218464415322,0.45,0.7282142857142857,0.11045246592081066,44645189.80872405,16204800.0,32390400.0,1.38,2.7550596001631624,78.13454412267025,2.5283861334590068,4.424216553443576,0.6529546196539341,0.05466743594675941,6.0384508565063675e-05
utility,59,0.9,0.8695224027572624,0.8604227276397518,0.5857142857142857,0.6768202764976958,0.10209564415369964,39578958.97652668,16204800.0,32390400.0,1.245,2.442421935261568,66.58314237692012,2.012632882090679,3.4032373377870813,0.7465472191116088,0.030622945565792963,3.246336266450589e-05
utility,61,0.9,0.7370753323485968,0.6844839804313662,0.38571428571428573,0.5290322580645161,0.14316515558953843,44750667.25406488,16204800.0,32390400.0,1.425,2.76156862497932,79.26566987987954,1.6370030222541665,5.540404527589508,0.5752085130859936,0.08082684634025497,0.00011419024925987372
utility,67,0.9,0.7680945347119645,0.6870647044238686,0.55,0.6240476190476191,0.10367589196903079,34309746.043239176,16204800.0,32390400.0,1.105,2.1172582224550225,54.89729200580728,3.1915691411581673,2.2972784625635843,0.667334000667334,0.05768426580216095,8.892226702230136e-05
utility,71,0.9,0.7725258493353028,0.7213045239373721,0.5,0.615,0.11883577036001494,38109397.84933813,16204800.0,32390400.0,1.205,2.3517351555920523,63.164807985324344,2.8959859055334864,3.673056938850344,0.678195998643608,0.08165608469908696,4.350179354155803e-05
utility,73,0.9,0.7720334810438207,0.7183353746724089,0.5571428571428572,0.6642857142857143,0.09838779428084024,37323102.0535529,16204800.0,32390400.0,1.185,2.3032127550820074,62.93005480158029,2.7242376478999666,4.113801789287146,0.7130124777183601,0.047008083128587716,3.138590723695552e-05
utility,79,0.9,0.8842934515017233,0.8784174350649057,0.5666666666666667,0.7246543778801844,0.10321186253019572,40768909.461709365,16204800.0,32390400.0,1.29,2.515853911292292,69.11075935646605,3.869729730323229,3.240259458949961,0.6259780907668232,0.05309706174794075,0.00014128163407310852
utility,83,0.9,0.741506646971935,0.697230898832422,0.38571428571428573,0.48583333333333334,0.15716091164122367,43840796.61612739,16204800.0,32390400.0,1.36,2.705420407294589,77.1678143184591,1.039652253113962,4.009279664067465,0.6851661527920521,0.05392982508653538,4.707647481643054e-05
utility,89,0.9,0.8375184638109305,0.8250010133686908,0.5,0.6777142857142857,0.12680483397346268,41021623.9036802,16204800.0,32390400.0,1.3,2.5314489474526205,70.67646957353564,1.0371021023261078,4.902537354775196,0.6265664160401002,0.07025963069645069,5.215802571410967e-05
utility,97,0.9,0.7326440177252584,0.6633935556016078,0.42857142857142855,0.5632258064516129,0.1335524178727298,45072014.88705578,16204800.0,32390400.0,1.335,2.7813990229472676,77.20789438229998,1.2685247211271853,4.848480400927663,0.6581112207963146,0.03186212911089673,1.1493440316855005e-05
random_adaptive,53,0.9,0.879369768586903,0.8746049037250109,0.55,0.7371107544141252,0.10862264680315327,12816351.7271259,5313792.0,32390400.0,1.285,2.510548245440625,21.954243918663146,5.715090562560998,2.5472132272580006,0.8841732979664014,0.05535484511871709,3.0824268504543945e-05
random_adaptive,59,0.9,0.8813392417528311,0.8757413854363442,0.5,0.7394047619047619,0.1139024122114414,11935699.271782376,5653680.0,32390400.0,1.195,2.237087061241656,20.05672269287992,5.02753790785924,0.9720280817301642,0.9170105456212746,0.0507662095433519,3.125605703981494e-05
random_adaptive,61,0.9,0.8739537173806007,0.8671744654107095,0.5,0.7321629213483146,0.11299303827898412,11755645.859381327,5192400.0,32390400.0,1.265,2.3303931474530697,20.43629654520725,5.792349311358639,1.5365489686767724,0.9259259259259259,0.040262782576468634,1.0193285560658563e-05
random_adaptive,67,0.9,0.880354505169867,0.8746531411713829,0.55,0.7265008025682183,0.10708830955306033,11121379.089327766,5200512.0,32390400.0,1.17,2.1953112384063185,18.60432996328824,5.873043919792481,1.1223871432940515,0.9009009009009009,0.0491894252038529,1.8917096600689967e-05
random_adaptive,71,0.9,0.8842934515017233,0.8815008431978946,0.5833333333333334,0.7536866359447004,0.10100473889910803,13665370.034317894,5297616.0,32390400.0,1.37,2.6876428617619323,23.962195762440487,5.462669887407793,2.209716641247254,0.8806693086745927,0.047596987969206354,7.03309281598537e-05
random_adaptive,73,0.9,0.8724766125061546,0.8691400979943794,0.5833333333333334,0.7385714285714287,0.0990797997639087,10940094.16383383,5289504.0,32390400.0,1.145,2.1471263096979967,18.578706289337376,5.304158534508547,1.0111413537357365,0.8972633467922836,0.03777073479954978,1.404788331636639e-05
random_adaptive,79,0.9,0.8867552929591335,0.8841195936222381,0.5833333333333334,0.7281367041198502,0.10644064063349247,12711068.053984078,5305680.0,32390400.0,1.275,2.4934516885468083,21.93826465941525,5.790882621141707,1.4466459276551473,0.8783487044356609,0.060795006777710554,8.699775961366104e-06
random_adaptive,83,0.9,0.879862136878385,0.8770833529713226,0.5833333333333334,0.7071629213483146,0.10533701496411389,13480623.311129542,5249040.0,32390400.0,1.38,2.673626936204754,23.972369924800383,3.922014973174416,2.03605385115149,0.8806693086745927,0.0795567856186819,1.1694990634179908e-05
random_adaptive,89,0.9,0.8734613490891187,0.869460576698387,0.6,0.6985714285714285,0.10213865362946214,12515359.187860232,5419008.0,32390400.0,1.27,2.4253775955983743,21.523948625924817,6.085768699943269,1.9079784114093947,0.9009009009009009,0.05203881715175325,1.0280596809105489e-05
random_adaptive,97,0.9,0.880354505169867,0.8755089855326291,0.55,0.6994444444444444,0.11089263074007912,13027228.120985152,5564688.0,32390400.0,1.27,2.4701950865036024,22.175656980339202,5.636977188350883,1.505789394383559,0.8669267446900737,0.06139824375631619,1.6132136634592015e-05
resource_adaptive,53,0.9,0.8621368783850321,0.8536603846283994,0.5,0.7271428571428571,0.11142248587027288,8953832.387204625,4876800.0,32390400.0,1.035,1.8360056568250938,14.465200296209465,6.064546697781474,0.11955136845153157,0.6435006435006435,0.15286938814307055,5.686625359168805e-05
resource_adaptive,59,0.9,0.8739537173806007,0.8703428896695228,0.5833333333333334,0.7060393258426967,0.11039172316902378,8469092.396613626,4957728.0,32390400.0,1.02,1.714522552058096,13.632176885352719,6.114178745733979,0.1227279680677261,0.7010164738871364,0.14515160207496552,4.106635203154007e-05
resource_adaptive,61,0.9,0.8724766125061546,0.8653247356626893,0.5166666666666667,0.7196629213483146,0.11052977115430472,8252972.502518125,4933440.0,32390400.0,1.03,1.6772346326037748,13.394708690720469,6.318147088767026,0.10624612983773635,0.613308800981294,0.19204231180186218,5.6441279438418975e-05
resource_adaptive,67,0.9,0.8842934515017233,0.8791213642047038,0.5333333333333333,0.7251587301587301,0.11040434374478955,8411696.965624843,4901088.0,32390400.0,1.025,1.718536671350432,13.586080901855736,5.938679667938019,0.12590298633754554,0.7010164738871364,0.12402374800440269,2.558844752395675e-05
resource_adaptive,71,0.9,0.879862136878385,0.8780622820293588,0.6166666666666667,0.7604975922953451,0.09231930900473923,9734172.46497441,5176224.0,32390400.0,1.04,1.9179615078215435,15.708438053141775,6.04685661925768,0.22086359780679984,0.6155740227762388,0.17172050982841988,9.670467127036351e-05
resource_adaptive,73,0.9,0.8788774002954209,0.8733954526847785,0.5666666666666667,0.75,0.10027766506564552,8309743.335642812,5087232.0,32390400.0,1.02,1.6566561334261107,13.440257017319304,6.184432916420648,0.10909020757791094,0.7309941520467836,0.11389049300985012,2.5783087853429372e-05
resource_adaptive,79,0.9,0.8695224027572624,0.8627746775978742,0.5833333333333334,0.7207865168539326,0.09966484193637591,9067804.813129516,4957728.0,32390400.0,1.055,1.8396688313183855,14.788316158684692,6.36484345407028,0.2411076546091912,0.7584376185058779,0.1240464587499157,0.0001262044303675324
resource_adaptive,83,0.9,0.8872476612506155,0.8843494255378578,0.5833333333333334,0.7637301587301588,0.1018952902065189,8577661.895667542,4876800.0,32390400.0,1.04,1.7588709595775,13.932209359901229,5.68101465371089,0.23483062730143878,0.5611672278338945,0.21935629703404252,6.430733325119052e-05
resource_adaptive,89,0.9,0.8700147710487445,0.862437271270681,0.5,0.6921428571428572,0.12025724991361368,9021324.45511018,5119584.0,32390400.0,1.04,1.7876405413400696,14.599996754907862,6.394952338433023,0.20866550419286253,0.6587615283267457,0.16432706360908095,3.7628181623229964e-05
resource_adaptive,97,0.9,0.8729689807976366,0.8687215619393612,0.5833333333333334,0.7414285714285714,0.09841212144591166,9925847.482345968,5273328.0,32390400.0,1.03,1.9203323350743837,15.890887935500709,6.569486286373446,0.21511277062622272,0.7191657677094571,0.14548345989578,0.00022393728056398178
utility_adaptive,53,0.9,0.8857705563761694,0.8793170973777502,0.5,0.7807223113964687,0.10645371561672788,13127138.975928204,5459424.0,32390400.0,1.32,2.5350294485668416,22.63826955455269,4.9490309514831825,2.4194651171769377,0.6951685783802573,0.04995609558847186,1.3056194918855855e-05
utility_adaptive,59,0.9,0.8788774002954209,0.8758844730094598,0.65,0.7,0.09558225045577597,12698485.7733674,5621280.0,32390400.0,1.235,2.405168099530257,21.61066154397657,5.054584631619769,1.3555958598733397,0.7358351729212657,0.031992164628612776,2.5750390948919182e-05
utility_adaptive,61,0.9,0.8754308222550468,0.8738861285915916,0.6666666666666666,0.7257142857142856,0.0906424418624174,13028557.215921108,5216736.0,32390400.0,1.39,2.5849373918245657,23.282205637591627,5.356148190163812,2.2113641476152117,0.7432181345224823,0.020998074355053475,7.391641659122024e-05
utility_adaptive,67,0.9,0.8783850320039389,0.8758744565528153,0.65,0.7385714285714287,0.08994357044043597,11087116.015345229,5232864.0,32390400.0,1.17,2.1852396204016706,18.578485070277647,5.676136675355868,1.2301550964962447,0.7382798080472499,0.04185564939741511,7.009642772810593e-05
utility_adaptive,71,0.9,0.8764155588380108,0.8737036407602382,0.65,0.7276243980738363,0.0893301153608048,11563701.70567736,5022480.0,32390400.0,1.225,2.3299776773255454,19.7769033041281,5.6926557310853285,1.5482065110061105,0.7191657677094571,0.0578746766752441,2.4992419739167408e-05
utility_adaptive,73,0.9,0.879862136878385,0.8757413128420156,0.6333333333333333,0.753338683788122,0.08641412531114782,11287767.33229171,5394720.0,32390400.0,1.155,2.195616088542719,19.14433814903158,5.6402954471885955,1.030694344092095,0.6646726487205051,0.04249930097310779,1.9821583169984795e-05
utility_adaptive,79,0.9,0.880354505169867,0.8751854094154331,0.55,0.7673194221508829,0.09876558111165067,13391445.796563135,5556528.0,32390400.0,1.275,2.5628663622132652,23.171060732893903,6.544914393350499,2.092007560220298,0.6823609689525759,0.03945355656562015,6.094995049132912e-05
utility_adaptive,83,0.9,0.8882323978335795,0.8837154004630361,0.55,0.7619261637239165,0.10016551776768261,13493791.877009513,5410944.0,32390400.0,1.37,2.636114946343128,24.002072855925547,2.9933422538631014,2.3794196040411246,0.6680026720106881,0.06309341305496494,2.0899105691361266e-05
utility_adaptive,89,0.9,0.8921713441654358,0.8866587725081444,0.5666666666666667,0.7503852327447833,0.10069566615773752,12892041.005629517,5524176.0,32390400.0,1.32,2.476850702770651,22.333547183100414,5.6191731867992765,3.0433493880701565,0.7733952049497294,0.03500463189486808,2.6869770139928504e-05
utility_adaptive,97,0.9,0.843426883308715,0.8360958669821826,0.5142857142857142,0.6657142857142857,0.11725625752205437,13879683.580381626,5702304.0,32390400.0,1.305,2.6015450171392165,23.609339378830885,5.17707861101025,2.046332551333527,0.6894174422612892,0.03828384182969904,5.4673334136436384e-06
proposed_fixed_comp,53,0.9,0.7813884785819794,0.7202010242559664,0.4166666666666667,0.677,0.11330450254164552,30494676.44480346,16204800.0,32390400.0,1.035,1.8818298556479212,47.33365645620812,3.483648604449833,0.4075135809625991,0.6435006435006435,0.11462387874687413,0.00010475123593550414
proposed_fixed_comp,59,0.9,0.8291482028557361,0.810820830494289,0.5166666666666667,0.6950218476903871,0.105728177955169,30011883.33773098,16204800.0,32390400.0,1.04,1.8520366396210364,46.839613842414366,3.7013129749679474,0.4108995278788023,0.6995452955578874,0.09773942815261114,7.357201837243329e-05
proposed_fixed_comp,61,0.9,0.8079763663220089,0.7830504476693175,0.4166666666666667,0.6508025682182986,0.13120289279818975,32447702.12408172,16204800.0,32390400.0,1.135,2.0023512862905886,53.01220250182826,3.9892387008062347,1.8442362027697654,0.7262164124909223,0.11735639733339538,0.00014045834518991532
proposed_fixed_comp,67,0.9,0.7434761201378631,0.6675473607290666,0.5151515151515151,0.6223809523809524,0.10741894208817228,29886492.62203873,16204800.0,32390400.0,1.03,1.8442987646893931,46.31496363501959,3.474854314060413,0.4183548049956237,0.7326007326007326,0.06429661704328243,4.14508156916162e-05
proposed_fixed_comp,71,0.9,0.7597242737567701,0.6791446349642594,0.5333333333333333,0.6116666666666667,0.10465891879238054,32208481.812527798,16204800.0,32390400.0,1.055,1.9875889744105306,50.53357393428432,3.8684507054053445,0.41056524948503864,0.6331117442228553,0.1097467901760739,5.897229785196967e-05
proposed_fixed_comp,73,0.9,0.7744953225012309,0.7469472886357118,0.5142857142857142,0.6162903225806452,0.12788178081346427,29035543.94270165,16204800.0,32390400.0,1.03,1.791786627585755,45.341144806979415,3.7020244435072254,0.3832553802483429,0.7390983000739099,0.07923868926284339,5.327313081507964e-05
proposed_fixed_comp,79,0.9,0.8385032003938946,0.8216504412380042,0.6,0.6825682182985554,0.11055798429070271,30922822.731669124,16204800.0,32390400.0,1.06,1.908250810356751,48.798613507355626,4.0587207015545514,0.9316213219046428,0.7358351729212657,0.05929877873745647,8.183965917721281e-05
proposed_fixed_comp,83,0.9,0.8650910881339242,0.8614035102344649,0.65,0.7485714285714286,0.09619706793808887,33687554.981558934,16204800.0,32390400.0,1.115,2.0788627432340383,54.606583979777724,2.1800957316113787,1.52826793073655,0.7309941520467836,0.16059213323471838,4.66398887683106e-05
proposed_fixed_comp,89,0.9,0.8000984736582964,0.7635332825582726,0.48333333333333334,0.6951515151515151,0.11093376156732783,30139090.583455905,16204800.0,32390400.0,1.055,1.8598866128218756,47.357048016474124,4.225893473570676,0.852445766319587,0.6385696040868455,0.12427935282575879,6.566152795578186e-05
proposed_fixed_comp,97,0.9,0.7469226981782373,0.7156883041510221,0.38571428571428573,0.5256989247311828,0.15256169678557557,33483865.20257245,16204800.0,32390400.0,1.06,2.066293024447848,52.44620359525869,3.7856262582549207,0.8815418910777568,0.7524454477050414,0.08260198169082947,0.00011524579699348394
fedcg_adapted,53,0.9,0.8680452978828164,0.8602747931814335,0.5166666666666667,0.7242857142857143,0.1125706333665124,9524976.884021098,4876800.0,32390400.0,1.105,1.9531202600108863,15.744808977430948,6.064546697781474,0.9710121508711225,0.6809669731018045,0.1293701563222331,4.862048045390483e-05
fedcg_adapted,59,0.9,0.8783850320039389,0.874678817624789,0.55,0.7136904761904762,0.10902740497351003,8775157.234119885,4957728.0,32390400.0,1.06,1.777281910142549,14.34154750525248,6.027541856888276,0.5393682637120202,0.7230657989877078,0.12662712968471607,6.436364151357512e-05
fedcg_adapted,61,0.9,0.8700147710487445,0.8621915932651886,0.5,0.7299157303370787,0.11305901570232255,8573864.674669977,4933440.0,32390400.0,1.065,1.743034372628351,14.101421158558344,6.291036192056575,0.32522598517813783,0.6349206349206349,0.1646560684721849,6.422017820429597e-05
fedcg_adapted,67,0.9,0.8852781880846874,0.8810726484815556,0.55,0.7522619047619048,0.10634367721301767,8890320.762820354,4901088.0,32390400.0,1.07,1.8166796743842886,14.571548371292886,5.991942029654359,0.4473291259986344,0.7390983000739099,0.10427824260165766,4.139670912776272e-05
fedcg_adapted,71,0.9,0.8739537173806007,0.8719313101316312,0.6333333333333333,0.7427287319422151,0.09254505680561538,10440210.595750926,5176224.0,32390400.0,1.12,2.0627363869997994,17.300727745847126,6.04685661925768,0.9933458585409715,0.666000666000666,0.13537281132579265,0.00011135642596138049
fedcg_adapted,73,0.9,0.8769079271294928,0.8699740057232651,0.5,0.6955377207062601,0.11218952265615265,8822277.15638078,5087232.0,32390400.0,1.065,1.7617524713399006,14.584473743023954,6.184432916420648,0.5181344215620675,0.7707129094412332,0.0936418892638067,2.475140075090137e-05
fedcg_adapted,79,0.9,0.8754308222550468,0.8694368800631461,0.5,0.7174157303370786,0.11916318510948912,9465879.797982631,4876800.0,32390400.0,1.12,1.9410022551637585,15.810066384808227,6.36484345407028,0.7998128480487996,0.76103500761035,0.10861482628569916,6.556185068723745e-05
fedcg_adapted,83,0.9,0.8833087149187593,0.8789350997563088,0.5166666666666667,0.7251587301587301,0.10850179889362076,9099710.538721595,4876800.0,32390400.0,1.105,1.8659183355318252,15.12170674530129,5.477715395038736,0.5639687102045523,0.5827505827505828,0.19828455938832626,6.702084034150116e-05
fedcg_adapted,89,0.9,0.8724766125061546,0.8656908765941336,0.5166666666666667,0.6935714285714285,0.11847671018355076,9259487.753705548,5119584.0,32390400.0,1.08,1.836476519562544,15.170762199406294,6.394952338433023,0.6312072351579511,0.6633499170812603,0.16085117921953593,4.839651790337511e-05
fedcg_adapted,97,0.9,0.8764155588380108,0.8711866218514243,0.5833333333333334,0.7,0.10096464559151996,10259249.366542747,5273328.0,32390400.0,1.07,1.9886972227459685,16.665649749662467,6.506967588749477,0.6453383118786682,0.7567158531971245,0.1194042443577224,0.00016057982181238387
proposed,53,0.9,0.8867552929591335,0.8816901027150889,0.5166666666666667,0.7801765650080257,0.10434932366166608,11405207.442341296,4990080.0,32390400.0,1.225,2.309300892222976,19.386943616980076,5.307826550300766,1.5769657347583115,0.8159934720522236,0.030057291125996366,4.786638102460665e-05
proposed,59,0.9,0.8872476612506155,0.8824038984032742,0.5333333333333333,0.7402728731942215,0.10312192997152654,11160582.930539764,5224752.0,32390400.0,1.165,2.1965134764337906,18.713225041448016,5.375016831763444,0.8618898820382591,0.7824726134585289,0.022337526789084884,3.6725230741534696e-05
proposed,61,0.9,0.8852781880846874,0.8818271452527666,0.6,0.7555858747993579,0.09164118783521996,11396579.92311457,5079120.0,32390400.0,1.265,2.2850247604563902,19.86486581258949,5.49343932191976,1.4469680114628558,0.8159934720522236,0.02335273572814031,0.0001212185477340862
proposed,67,0.9,0.8852781880846874,0.8821070949417917,0.65,0.7388443017656501,0.09107999157570018,10141452.906768775,5014368.0,32390400.0,1.12,2.043554694744572,16.803146173731953,5.61050092721033,0.6709936889979516,0.7927070947284979,0.030887090004610006,0.0001008817309247974
proposed,71,0.9,0.8857705563761694,0.8832323455713126,0.6166666666666667,0.7388443017656501,0.09393318827505505,11412357.536319906,5014368.0,32390400.0,1.205,2.3043705990104835,19.427877942591294,5.711741950063846,0.8845350544064552,0.78064012490242,0.03887660108286117,4.504238155540963e-05
proposed,73,0.9,0.8838010832102413,0.8795854524145557,0.55,0.7402728731942215,0.1005678025556262,10450801.21777212,5208576.0,32390400.0,1.125,2.067799197378779,17.647550378871614,5.735978094617206,0.7359605245525813,0.7870916961826053,0.028987871541626194,5.5276710329599005e-05
proposed,79,0.9,0.8882323978335795,0.8827988116403694,0.5,0.7404815409309792,0.11344086012277065,11235583.810598277,4933440.0,32390400.0,1.195,2.2886835391221125,19.280410418563086,6.403258085392575,1.1506041581211632,0.8406893652795292,0.02104346803853719,8.353032432504106e-05
proposed,83,0.9,0.8852781880846874,0.8821259323213879,0.5666666666666667,0.7551152073732719,0.10248955440494394,11944001.898204584,4925376.0,32390400.0,1.285,2.4378931309042686,20.9605714157583,3.6900599803908443,1.5990865965960053,0.8250825082508251,0.03029969807868039,6.379966703117163e-05
proposed,89,0.9,0.8902018709995076,0.8858342816048212,0.6,0.7807223113964687,0.09832620944982423,11483866.367884573,5095296.0,32390400.0,1.255,2.2992176200390197,19.80028467281489,6.28105129796494,1.985272235184674,0.8428150021070375,0.023415181321809933,5.812270775392488e-05
proposed,97,0.9,0.8892171344165436,0.8850609476420425,0.55,0.7677528089887641,0.1073779466396698,11899844.775714293,5151936.0,32390400.0,1.215,2.3625398653468874,20.110340041838736,5.795110655701656,1.5089450862514573,0.8888888888888888,0.025317598915221992,2.8788066527115816e-05
